"","x","player_id","player_name","team_id","team_abbreviation","age","player_height","player_height_inches","player_weight","college","country","draft_year","draft_round","draft_number","gp","pts","reb","ast","net_rating","oreb_pct","dreb_pct","usg_pct","ts_pct","ast_pct"
"1",1,203932,"Aaron Gordon",1610612743,"DEN",26,"6-8",80,235,"Arizona","USA","2014","1","4",75,15,5.9,2.5,6.2,0.057,0.129,0.194,0.602,0.109
"2",2,1630565,"Aaron Henry",1610612755,"PHI",22,"6-5",77,210,"Michigan State","USA","Undrafted","Undrafted","Undrafted",6,0.3,0.2,0,-56,0,0.048,0.149,0.2,0
"3",3,1628988,"Aaron Holiday",1610612756,"PHX",25,"6-0",72,185,"UCLA","USA","2018","1","23",63,6.3,1.9,2.4,-1.4,0.023,0.092,0.182,0.544,0.223
"4",4,1630174,"Aaron Nesmith",1610612738,"BOS",22,"6-5",77,215,"Vanderbilt","USA","2020","1","14",52,3.8,1.7,0.4,3,0.025,0.117,0.164,0.507,0.057
"5",5,1630598,"Aaron Wiggins",1610612760,"OKC",23,"6-4",76,190,"Maryland","USA","2021","2","55",50,8.3,3.6,1.4,-8.1,0.04,0.098,0.149,0.556,0.083
"6",6,1627846,"Abdel Nader",1610612756,"PHX",28,"6-5",77,225,"Iowa State","Egypt","2016","2","58",14,2.4,1.9,0.5,-0.9,0.026,0.145,0.139,0.431,0.065
"7",7,1630278,"Ade Murkey",1610612758,"SAC",24,"6-5",77,200,"Denver","USA","Undrafted","Undrafted","Undrafted",1,0,0,0,-33.3,0,0,0,0,0
"8",8,1629678,"Admiral Schofield",1610612753,"ORL",25,"6-5",77,241,"Tennessee","United Kingdom","2019","2","42",38,3.8,2.3,0.7,-13.5,0.033,0.146,0.143,0.538,0.084
"9",9,1629958,"Ahmad Caver",1610612754,"IND",25,"6-2",74,174,"Old Dominion","USA","2019",NA,NA,1,2,0,0,133.3,0,0,0.5,1,0
"10",10,201143,"Al Horford",1610612738,"BOS",35,"6-9",81,240,"Florida","Dominican Republic","2007","1","3",69,10.2,7.7,3.4,9.3,0.054,0.201,0.147,0.574,0.159
"11",11,202692,"Alec Burks",1610612752,"NYK",30,"6-6",78,214,"Colorado","USA","2011","1","12",81,11.7,4.9,3,2.3,0.019,0.148,0.171,0.559,0.158
"12",12,1630758,"Aleem Ford",1610612753,"ORL",24,"6-8",80,220,"Wisconsin","USA","Undrafted","Undrafted","Undrafted",5,2.8,3,0.4,-22.1,0.028,0.16,0.148,0.35,0.043
"13",13,1630197,"Aleksej Pokusevski",1610612760,"OKC",20,"7-0",84,190,"None","Serbia","2020","1","17",61,7.6,5.2,2.1,-2.5,0.054,0.189,0.195,0.485,0.161
"14",14,1627936,"Alex Caruso",1610612741,"CHI",28,"6-5",77,186,"Texas A&M","USA","Undrafted","Undrafted","Undrafted",41,7.4,3.6,4,5.1,0.029,0.101,0.13,0.528,0.194
"15",15,203458,"Alex Len",1610612758,"SAC",28,"7-0",84,250,"Maryland","Ukraine","2013","1","5",39,6,4.1,1.2,-5.5,0.076,0.168,0.165,0.577,0.104
"16",16,1628035,"Alfonzo McKinnie",1610612741,"CHI",29,"6-7",79,215,"Wisc.-Green Bay","USA","Undrafted","Undrafted","Undrafted",17,3.5,1.9,0.3,-12.9,0.059,0.115,0.148,0.457,0.034
"17",17,1628993,"Alize Johnson",1610612740,"NOP",25,"6-8",80,212,"Missouri State","USA","2018","2","50",23,1.8,2.7,0.4,-10.6,0.156,0.202,0.14,0.463,0.08
"18",18,1630578,"Alperen Sengun",1610612745,"HOU",19,"6-10",82,243,"None","Turkey","2021","1","16",72,9.6,5.5,2.6,-10.2,0.089,0.174,0.214,0.552,0.193
"19",19,1629599,"Amir Coffey",1610612746,"LAC",24,"6-7",79,210,"Minnesota","USA","Undrafted","Undrafted","Undrafted",69,9,2.9,1.8,-0.9,0.017,0.102,0.154,0.598,0.112
"20",20,203083,"Andre Drummond",1610612751,"BKN",28,"6-10",82,279,"Connecticut","USA","2012","1","9",73,7.9,9.3,1.8,2.4,0.155,0.305,0.181,0.574,0.13
"21",21,2738,"Andre Iguodala",1610612744,"GSW",38,"6-6",78,215,"Arizona","USA","2004","1","9",31,4,3.2,3.7,8.7,0.035,0.117,0.113,0.478,0.263
"22",22,203952,"Andrew Wiggins",1610612744,"GSW",27,"6-7",79,197,"Kansas","Canada","2014","1","1",73,17.2,4.5,2.2,5.8,0.036,0.095,0.224,0.56,0.109
"23",23,1629014,"Anfernee Simons",1610612757,"POR",22,"6-3",75,181,"None","USA","2018","1","24",57,17.3,2.6,3.9,-2.5,0.015,0.075,0.244,0.583,0.219
"24",24,203076,"Anthony Davis",1610612747,"LAL",29,"6-10",82,253,"Kentucky","USA","2012","1","1",40,23.2,9.9,3.1,-3,0.072,0.196,0.263,0.578,0.147
"25",25,1630162,"Anthony Edwards",1610612750,"MIN",20,"6-4",76,225,"Georgia","USA","2020","1","1",72,21.3,4.8,3.8,4,0.023,0.113,0.262,0.56,0.173
"26",26,1630264,"Anthony Gill",1610612764,"WAS",29,"6-7",79,230,"Virginia","USA","Undrafted","Undrafted","Undrafted",44,4.1,1.9,0.6,5.8,0.075,0.112,0.138,0.682,0.08
"27",27,1630237,"Anthony Lamb",1610612745,"HOU",24,"6-6",78,227,"Vermont","USA","Undrafted","Undrafted","Undrafted",2,0,0.5,1,29.4,0,0.125,0.105,0,0.4
"28",28,1629717,"Armoni Brooks",1610612761,"TOR",23,"6-3",75,195,"Houston","USA","2019",NA,NA,54,5.3,1.9,1.1,-3.8,0.021,0.097,0.159,0.483,0.105
"29",29,1629083,"Arnoldas Kulboka",1610612766,"CHA",24,"6-10",82,209,"None","Lithuania","2018","2","55",2,0,0,0,-100,0,0,0.071,0,0
"30",30,1630559,"Austin Reaves",1610612747,"LAL",23,"6-5",77,197,"Oklahoma","USA","Undrafted","Undrafted","Undrafted",61,7.3,3.2,1.8,1.8,0.031,0.099,0.121,0.6,0.101
"31",31,203085,"Austin Rivers",1610612743,"DEN",29,"6-4",76,200,"Duke","USA","2012","1","10",67,6,1.7,1.3,1.9,0.014,0.063,0.123,0.546,0.082
"32",32,202340,"Avery Bradley",1610612747,"LAL",31,"6-3",75,180,"Texas-Austin","USA","2010","1","19",62,6.4,2.2,0.8,-5.8,0.021,0.073,0.119,0.55,0.046
"33",33,1630245,"Ayo Dosunmu",1610612741,"CHI",22,"6-4",76,200,"Illinois","USA","2021","2","38",77,8.8,2.8,3.3,-5,0.013,0.09,0.138,0.596,0.164
"34",34,1629168,"BJ Johnson",1610612753,"ORL",26,"6-6",78,200,"La Salle","USA","Undrafted","Undrafted","Undrafted",4,6.5,3.8,0,-9.2,0.091,0.122,0.169,0.52,0
"35",35,1628389,"Bam Adebayo",1610612748,"MIA",24,"6-9",81,255,"Kentucky","USA","2017","1","14",56,19.1,10.1,3.4,8.1,0.08,0.234,0.248,0.608,0.172
"36",36,203463,"Ben McLemore",1610612757,"POR",29,"6-3",75,195,"Kansas","USA","2013","1","7",64,10.2,1.6,0.9,-13.1,0.009,0.072,0.207,0.567,0.077
"37",37,202687,"Bismack Biyombo",1610612756,"PHX",29,"6-8",80,255,"None","DRC","2011","1","7",36,5.8,4.6,0.6,5.6,0.117,0.207,0.167,0.596,0.064
"38",38,201933,"Blake Griffin",1610612751,"BKN",33,"6-9",81,250,"Oklahoma","USA","2009","1","1",56,6.4,4.1,1.9,-4.7,0.061,0.169,0.167,0.518,0.157
"39",39,1626246,"Boban Marjanovic",1610612742,"DAL",33,"7-3",87,290,"None","Serbia","Undrafted","Undrafted","Undrafted",23,4.3,1.7,0.1,12.8,0.066,0.228,0.311,0.615,0.044
"40",40,1626171,"Bobby Portis",1610612749,"MIL",27,"6-10",82,250,"Arkansas","USA","2015","1","22",72,14.6,9.1,1.2,6.3,0.085,0.218,0.207,0.571,0.061
"41",41,203992,"Bogdan Bogdanovic",1610612737,"ATL",29,"6-6",78,225,"None","Serbia","2014","1","27",63,15.1,4,3.1,4.5,0.016,0.116,0.212,0.562,0.152
"42",42,202711,"Bojan Bogdanovic",1610612762,"UTA",33,"6-7",79,226,"None","Croatia","2011","2","31",69,18.1,4.3,1.7,4.8,0.027,0.106,0.232,0.599,0.086
"43",43,1629626,"Bol Bol",1610612753,"ORL",22,"7-2",86,220,"Oregon","Sudan","2019","2","44",14,2.4,1.4,0.4,0.5,0.049,0.211,0.16,0.565,0.102
"44",44,1630538,"Bones Hyland",1610612743,"DEN",21,"6-2",74,169,"Virginia Commonwealth","USA","2021","1","26",69,10.1,2.7,2.8,1.7,0.011,0.133,0.231,0.558,0.22
"45",45,202954,"Brad Wanamaker",1610612764,"WAS",32,"6-3",75,210,"Pittsburgh","USA","Undrafted","Undrafted","Undrafted",23,3.6,1.7,2.4,-6.4,0.018,0.107,0.146,0.472,0.243
"46",46,203078,"Bradley Beal",1610612764,"WAS",28,"6-4",76,207,"Florida","USA","2012","1","3",40,23.2,4.7,6.6,-3.5,0.026,0.099,0.297,0.539,0.309
"47",47,1630527,"Brandon Boston Jr.",1610612746,"LAC",20,"6-6",78,188,"Kentucky","USA","2021","2","51",51,6.7,2.2,1,-2,0.02,0.111,0.212,0.481,0.103
"48",48,1629634,"Brandon Clarke",1610612763,"MEM",25,"6-8",80,215,"Gonzaga","Canada","2019","1","21",64,10.4,5.3,1.3,7.5,0.099,0.148,0.171,0.66,0.101
"49",49,1629164,"Brandon Goodwin",1610612739,"CLE",26,"6-0",72,180,"Florida Gulf Coast","USA","Undrafted","Undrafted","Undrafted",36,4.8,1.9,2.5,-6.3,0.028,0.11,0.177,0.501,0.278
"50",50,1627742,"Brandon Ingram",1610612740,"NOP",24,"6-8",80,190,"Duke","USA","2016","1","2",55,22.7,5.8,5.6,3.3,0.019,0.152,0.291,0.554,0.268
"51",51,202688,"Brandon Knight",1610612742,"DAL",30,"6-2",74,182,"Kentucky","USA","2011","1","8",5,6.4,1.6,1.6,-3.6,0,0.098,0.216,0.561,0.2
"52",52,1630314,"Brandon Williams",1610612757,"POR",22,"6-2",74,190,"Arizona","USA","Undrafted","Undrafted","Undrafted",24,12.9,3.1,3.9,-20.4,0.026,0.089,0.246,0.476,0.235
"53",53,1630296,"Braxton Key",1610612765,"DET",25,"6-8",80,225,"Virginia","USA","Undrafted","Undrafted","Undrafted",11,7.2,4.5,1,8,0.058,0.187,0.184,0.508,0.077
"54",54,1630271,"Brodric Thomas",1610612738,"BOS",25,"6-5",77,185,"Truman State","USA","Undrafted","Undrafted","Undrafted",12,1.8,0.8,0.9,3,0.034,0.103,0.172,0.52,0.239
"55",55,201572,"Brook Lopez",1610612749,"MIL",34,"7-0",84,282,"Stanford","USA","2008","1","10",13,12.4,4.1,0.5,-1.4,0.058,0.108,0.211,0.57,0.03
"56",56,1628971,"Bruce Brown",1610612751,"BKN",25,"6-4",76,202,"Miami","USA","2018","2","42",72,9,4.8,2.1,-0.3,0.056,0.13,0.146,0.575,0.114
"57",57,1628981,"Bruno Fernando",1610612745,"HOU",23,"6-9",81,240,"Maryland","Angola","2019","2","34",30,2.9,1.8,0.2,-10.1,0.102,0.223,0.197,0.671,0.082
"58",58,1627854,"Bryn Forbes",1610612743,"DEN",28,"6-2",74,205,"Michigan State","USA","Undrafted","Undrafted","Undrafted",75,8.8,1.2,1,-0.5,0.007,0.063,0.201,0.574,0.086
"59",59,1627741,"Buddy Hield",1610612754,"IND",29,"6-4",76,220,"Oklahoma","Bahamas","2016","1","6",81,15.6,4.4,2.8,-3.6,0.025,0.114,0.214,0.548,0.135
"60",60,1629604,"CJ Elleby",1610612757,"POR",21,"6-6",78,200,"Washington State","USA","2020","2","46",58,5.8,3.9,1.5,-14.3,0.052,0.141,0.143,0.491,0.109
"61",61,203468,"CJ McCollum",1610612740,"NOP",30,"6-3",75,190,"Lehigh","USA","2013","1","10",62,22.1,4.3,5.1,-1.9,0.024,0.101,0.269,0.553,0.238
"62",62,101139,"CJ Miles",1610612738,"BOS",35,"6-6",78,220,"No College","USA","2005","2","34",1,0,0,0,-100,0,0,0,0,0
"63",63,1630595,"Cade Cunningham",1610612765,"DET",20,"6-6",78,220,"Oklahoma State","USA","2021","1","1",64,17.4,5.5,5.6,-6.2,0.026,0.143,0.273,0.504,0.283
"64",64,1628997,"Caleb Martin",1610612748,"MIA",26,"6-5",77,205,"Nevada-Reno","USA","Undrafted","Undrafted","Undrafted",60,9.2,3.8,1.1,5.7,0.054,0.114,0.158,0.611,0.068
"65",65,1629629,"Cam Reddish",1610612752,"NYK",22,"6-8",80,217,"Duke","USA","2019","1","10",49,10.1,2.1,1,-9.8,0.023,0.075,0.213,0.543,0.078
"66",66,1630560,"Cam Thomas",1610612751,"BKN",20,"6-3",75,210,"Louisiana State","Japan","2021","1","27",67,8.5,2.4,1.2,-6.4,0.013,0.118,0.212,0.519,0.102
"67",67,1629661,"Cameron Johnson",1610612756,"PHX",26,"6-8",80,210,"North Carolina","USA","2019","1","11",66,12.5,4.1,1.5,6.2,0.023,0.123,0.167,0.625,0.079
"68",68,1630787,"Cameron McGriff",1610612757,"POR",24,"6-7",79,220,"Oklahoma State","USA","Undrafted","Undrafted","Undrafted",3,4.7,5,1,7.3,0.098,0.209,0.122,0.47,0.086
"69",69,1628419,"Cameron Oliver",1610612737,"ATL",25,"6-8",80,239,"Nevada","USA","Undrafted","Undrafted","Undrafted",2,11.5,3,1.5,-0.9,0.051,0.121,0.167,0.705,0.097
"70",70,1626166,"Cameron Payne",1610612756,"PHX",27,"6-1",73,183,"Murray State","USA","2015","1","14",58,10.8,3,4.9,6.3,0.018,0.109,0.235,0.5,0.318
"71",71,1627747,"Caris LeVert",1610612739,"CLE",27,"6-6",78,205,"Michigan","USA","2016","1","20",58,17,3.7,4.3,-1.8,0.024,0.097,0.252,0.525,0.219
"72",72,1630637,"Carlik Jones",1610612743,"DEN",24,"6-0",72,174,"Louisville","USA","Undrafted","Undrafted","Undrafted",5,0.8,0.6,1,-33.1,0.042,0.069,0.22,0.202,0.417
"73",73,2546,"Carmelo Anthony",1610612747,"LAL",37,"6-7",79,238,"Syracuse","USA","2003","1","3",69,13.3,4.2,1,-2.9,0.034,0.116,0.195,0.579,0.056
"74",74,1629035,"Carsen Edwards",1610612765,"DET",24,"5-11",71,200,"Purdue","USA","2019","2","33",4,5.8,1.5,3.5,-5.9,0.022,0.044,0.179,0.378,0.25
"75",75,1630199,"Cassius Stanley",1610612765,"DET",22,"6-5",77,190,"Duke","USA","2020","2","54",9,5.8,2.1,0.4,-4.3,0.028,0.084,0.148,0.516,0.043
"76",76,1630216,"Cassius Winston",1610612764,"WAS",24,"6-1",73,185,"Michigan State","USA","2020","2","53",7,2,0.1,1,-3.4,0,0.027,0.184,0.549,0.28
"77",77,1627760,"Cat Barber",1610612737,"ATL",27,"6-1",73,173,"North Carolina State","USA","2016",NA,NA,3,0,1,1,34.6,0.091,0.286,0.219,0,0.2
"78",78,1626224,"Cedi Osman",1610612739,"CLE",27,"6-7",79,230,"None","Turkey","2015","2","31",66,10.7,2.2,2,-1.8,0.017,0.08,0.206,0.563,0.144
"79",79,1628990,"Chandler Hutchison",1610612756,"PHX",25,"6-6",78,210,"Boise State","USA","2018","1","22",6,0.7,0.8,0.3,27.3,0,0.167,0.111,0.694,0.105
"80",80,1629646,"Charles Bassey",1610612755,"PHI",21,"6-9",81,230,"Western Kentucky","Nigeria","2021","2","53",23,3,2.7,0.3,-8.8,0.124,0.233,0.152,0.66,0.07
"81",81,1629718,"Charlie Brown Jr.",1610612755,"PHI",25,"6-6",78,199,"St. Joseph's (PA)","USA","Undrafted","Undrafted","Undrafted",22,1.4,1.5,0.3,-3.6,0.067,0.088,0.105,0.346,0.045
"82",82,1630602,"Chaundee Brown Jr.",1610612737,"ATL",23,"6-5",77,215,"Michigan","USA","Undrafted","Undrafted","Undrafted",5,6.2,3.2,0.8,-8.7,0.009,0.139,0.146,0.447,0.056
"83",83,1627767,"Cheick Diallo",1610612765,"DET",25,"6-8",80,219,"Kansas","Mali","2016","2","33",3,3.7,4,0,-50.7,0.098,0.296,0.145,0.517,0
"84",84,1629002,"Chimezie Metu",1610612758,"SAC",25,"6-9",81,225,"Southern California","USA","2018","2","49",60,8.9,5.6,1,-5.7,0.027,0.227,0.184,0.546,0.071
"85",85,1628449,"Chris Boucher",1610612761,"TOR",29,"6-9",81,200,"Oregon","Saint Lucia","Undrafted","Undrafted","Undrafted",80,9.4,6.2,0.3,5.3,0.095,0.183,0.172,0.57,0.022
"86",86,1629185,"Chris Chiozza",1610612744,"GSW",26,"5-11",71,175,"Florida","USA","Undrafted","Undrafted","Undrafted",34,2,1.1,1.9,-7.9,0.023,0.073,0.132,0.407,0.264
"87",87,1630537,"Chris Duarte",1610612754,"IND",24,"6-5",77,190,"Oregon","Dominican Republic","2021","1","13",55,13.1,4.1,2.1,-2,0.026,0.117,0.207,0.537,0.11
"88",88,101108,"Chris Paul",1610612756,"PHX",36,"6-0",72,175,"Wake Forest","USA","2005","1","4",65,14.7,4.4,10.8,10,0.011,0.113,0.197,0.581,0.434
"89",89,1629735,"Chris Silva",1610612748,"MIA",25,"6-8",80,234,"South Carolina","Gabon","Undrafted","Undrafted","Undrafted",10,2.6,3.6,0.7,-16.1,0.127,0.274,0.123,0.641,0.13
"90",90,1626174,"Christian Wood",1610612745,"HOU",26,"6-9",81,214,"UNLV","USA","Undrafted","Undrafted","Undrafted",68,17.9,10.1,2.3,-9.1,0.051,0.265,0.233,0.595,0.124
"91",91,1629643,"Chuma Okeke",1610612753,"ORL",23,"6-6",78,229,"Auburn","USA","2019","1","16",70,8.6,5,1.7,-8.8,0.024,0.165,0.159,0.501,0.104
"92",92,203991,"Clint Capela",1610612737,"ATL",27,"6-10",82,256,"None","Switzerland","2014","1","25",74,11.1,11.9,1.2,3.3,0.133,0.284,0.149,0.604,0.062
"93",93,1629632,"Coby White",1610612741,"CHI",22,"6-4",76,195,"North Carolina","USA","2019","1","7",61,12.7,3,2.9,-1.2,0.011,0.099,0.195,0.564,0.147
"94",94,1628998,"Cody Martin",1610612766,"CHA",26,"6-6",78,205,"Nevada-Reno","USA","2019","2","36",71,7.7,4,2.5,0.1,0.043,0.108,0.12,0.579,0.124
"95",95,203469,"Cody Zeller",1610612757,"POR",29,"6-11",83,240,"Indiana","USA","2013","1","4",27,5.2,4.6,0.8,-2.1,0.128,0.212,0.153,0.627,0.087
"96",96,1630175,"Cole Anthony",1610612753,"ORL",21,"6-3",75,185,"North Carolina","USA","2020","1","15",65,16.3,5.4,5.7,-5.4,0.015,0.145,0.245,0.519,0.281
"97",97,1629012,"Collin Sexton",1610612739,"CLE",23,"6-1",73,190,"Alabama","USA","2018","1","8",11,16,3.3,2.1,-5.8,0.041,0.066,0.264,0.523,0.125
"98",98,1630557,"Corey Kispert",1610612764,"WAS",23,"6-6",78,224,"Gonzaga","USA","2021","1","15",77,8.2,2.7,1.1,0.1,0.03,0.084,0.142,0.586,0.064
"99",99,202709,"Cory Joseph",1610612765,"DET",30,"6-3",75,200,"Texas-Austin","Canada","2011","1","29",65,8,2.7,3.6,-6.4,0.017,0.092,0.141,0.579,0.22
"100",100,1628591,"Craig Sword",1610612764,"WAS",28,"6-3",75,196,"Mississippi State","USA","Undrafted","Undrafted","Undrafted",3,2,0,0.3,8.3,0,0,0.125,0.75,0.1
"101",101,1626156,"D'Angelo Russell",1610612750,"MIN",26,"6-4",76,193,"Ohio State","USA","2015","1","2",65,18.1,3.3,7.1,4.7,0.011,0.089,0.246,0.544,0.32
"102",102,201571,"D.J. Augustin",1610612747,"LAL",34,"5-11",71,183,"Texas-Austin","USA","2008","1","9",55,5.3,1.2,1.9,-10.6,0.012,0.065,0.139,0.61,0.176
"103",103,1628391,"D.J. Wilson",1610612761,"TOR",26,"6-10",82,231,"Michigan","USA","2017","1","17",4,7.5,4,1.3,-16.5,0.017,0.238,0.159,0.773,0.147
"104",104,1629610,"DaQuan Jeffries",1610612763,"MEM",24,"6-5",77,222,"Tulsa","USA","Undrafted","Undrafted","Undrafted",3,0.7,0.7,0.3,-10.5,0,0.25,0.091,0.5,0.167
"105",105,1630227,"Daishen Nix",1610612745,"HOU",20,"6-4",76,226,"None","USA","Undrafted","Undrafted","Undrafted",24,3.2,1.4,1.7,-6.6,0.026,0.103,0.167,0.48,0.208
"106",106,1629751,"Dakota Mathias",1610612763,"MEM",26,"6-4",76,200,"Purdue","USA","2018",NA,NA,6,1,0.3,0.2,-25.4,0,0.154,0.15,0.5,0.125
"107",107,1630625,"Dalano Banton",1610612761,"TOR",22,"6-7",79,204,"Nebraska","Canada","2021","2","46",64,3.2,1.9,1.5,1.5,0.048,0.124,0.159,0.463,0.197
"108",108,1627745,"Damian Jones",1610612758,"SAC",26,"6-11",83,245,"Vanderbilt","USA","2016","1","30",56,8.1,4.4,1.2,-6.8,0.074,0.164,0.163,0.701,0.106
"109",109,203081,"Damian Lillard",1610612757,"POR",31,"6-2",74,195,"Weber State","USA","2012","1","6",29,24,4.1,7.3,-1.8,0.012,0.104,0.288,0.55,0.321
"110",110,1627814,"Damion Lee",1610612744,"GSW",29,"6-5",77,210,"Drexel","USA","Undrafted","Undrafted","Undrafted",63,7.4,3.2,1,2.8,0.022,0.136,0.156,0.561,0.072
"111",111,1628422,"Damyean Dotson",1610612752,"NYK",27,"6-5",77,210,"Houston","USA","2017","2","44",2,2,1,0.5,-0.8,0,0.111,0.089,0.5,0.071
"112",112,1629655,"Daniel Gafford",1610612764,"WAS",23,"6-9",81,234,"Arkansas","USA","2019","2","38",72,9.4,5.7,0.9,-6.9,0.107,0.169,0.16,0.708,0.071
"113",113,1630187,"Daniel Oturu",1610612761,"TOR",22,"6-8",80,240,"Minnesota","USA","2020","2","33",3,3,1.7,0,-36.8,0.036,0.148,0.125,0.549,0
"114",114,1628464,"Daniel Theis",1610612738,"BOS",30,"6-9",81,245,"None","Germany","Undrafted","Undrafted","Undrafted",47,8.2,4.9,0.9,-3.9,0.061,0.159,0.162,0.595,0.068
"115",115,201568,"Danilo Gallinari",1610612737,"ATL",33,"6-10",82,236,"None","Italy","2008","1","6",66,11.7,4.7,1.5,3.4,0.021,0.161,0.182,0.579,0.086
"116",116,201980,"Danny Green",1610612755,"PHI",34,"6-6",78,215,"North Carolina","USA","2009","2","46",62,5.9,2.5,1,3,0.025,0.091,0.121,0.561,0.065
"117",117,1627863,"Danuel House Jr.",1610612762,"UTA",28,"6-6",78,220,"Texas A&M","USA","Undrafted","Undrafted","Undrafted",42,5.9,2.6,1,3.8,0.023,0.118,0.146,0.555,0.087
"118",118,1629647,"Darius Bazley",1610612760,"OKC",21,"6-8",80,208,"None","USA","2019","1","23",69,10.8,6.3,1.4,-11.3,0.034,0.176,0.18,0.515,0.078
"119",119,1629636,"Darius Garland",1610612739,"CLE",22,"6-1",73,192,"Vanderbilt","USA","2019","1","5",68,21.7,3.3,8.6,6.6,0.017,0.074,0.272,0.576,0.378
"120",120,201954,"Darren Collison",1610612747,"LAL",34,"6-0",72,160,"UCLA","USA","2009","1","21",3,1.3,1.3,0.7,-18.4,0,0.091,0.077,0.286,0.063
"121",121,1630561,"David Duke Jr.",1610612751,"BKN",22,"6-4",76,204,"Providence","USA","Undrafted","Undrafted","Undrafted",22,4.7,3,0.8,0.1,0.077,0.105,0.15,0.444,0.066
"122",122,1630525,"David Johnson",1610612761,"TOR",21,"6-4",76,203,"Louisville","USA","2021","2","47",2,0,0,0,-75,0,0,0.143,0,0
"123",123,1628021,"David Nwaba",1610612745,"HOU",29,"6-5",77,219,"Cal Poly","USA","Undrafted","Undrafted","Undrafted",46,5.1,3.3,0.8,-9,0.061,0.179,0.15,0.567,0.085
"124",124,1630558,"Davion Mitchell",1610612758,"SAC",23,"6-0",72,202,"Baylor","USA","2021","1","9",75,11.5,2.2,4.2,-6,0.015,0.062,0.202,0.489,0.235
"125",125,202722,"Davis Bertans",1610612742,"DAL",29,"6-10",82,225,"None","Latvia","2011","2","42",56,5.6,2.1,0.6,1,0.014,0.127,0.165,0.531,0.054
"126",126,1628432,"Davon Reed",1610612743,"DEN",26,"6-5",77,206,"Miami","USA","2017","2","32",48,4.4,2.3,1.1,0.3,0.021,0.14,0.117,0.624,0.115
"127",127,1630549,"Day'Ron Sharpe",1610612751,"BKN",20,"6-9",81,265,"North Carolina","USA","2021","1","29",32,6.2,5,0.5,6.9,0.197,0.198,0.205,0.593,0.062
"128",128,1628368,"De'Aaron Fox",1610612758,"SAC",24,"6-3",75,185,"Kentucky","USA","2017","1","5",59,23.2,3.9,5.6,-4.4,0.012,0.096,0.284,0.549,0.254
"129",129,1629631,"De'Andre Hunter",1610612737,"ATL",24,"6-8",80,221,"Virginia","USA","2019","1","4",53,13.4,3.3,1.3,0.7,0.016,0.093,0.194,0.547,0.06
"130",130,1629001,"De'Anthony Melton",1610612763,"MEM",23,"6-2",74,200,"Southern California","USA","2018","2","46",73,10.8,4.5,2.7,5.6,0.034,0.15,0.205,0.529,0.157
"131",131,201599,"DeAndre Jordan",1610612755,"PHI",33,"6-11",83,265,"Texas A&M","USA","2008","2","35",48,4.3,5.5,0.4,-10.8,0.127,0.262,0.132,0.641,0.051
"132",132,1627761,"DeAndre' Bembry",1610612749,"MIL",27,"6-5",77,210,"St. Joseph's (PA)","USA","2016","1","21",56,5.1,2.9,1.2,-0.6,0.042,0.106,0.111,0.601,0.087
"133",133,1630610,"DeJon Jarreau",1610612754,"IND",24,"6-5",77,185,"Houston","USA","Undrafted","Undrafted","Undrafted",1,0,0,0,100,0,0,0,0,0
"134",134,201942,"DeMar DeRozan",1610612741,"CHI",32,"6-6",78,220,"Southern California","USA","2009","1","9",76,27.9,5.2,4.9,1.1,0.021,0.122,0.308,0.59,0.228
"135",135,202326,"DeMarcus Cousins",1610612743,"DEN",31,"6-10",82,270,"Kentucky","USA","2010","1","5",48,9,5.6,1.5,2.2,0.103,0.281,0.267,0.567,0.153
"136",136,1629731,"Dean Wade",1610612739,"CLE",25,"6-9",81,228,"Kansas State","USA","Undrafted","Undrafted","Undrafted",51,5.3,2.9,1,2,0.031,0.12,0.107,0.584,0.077
"137",137,1629028,"Deandre Ayton",1610612756,"PHX",23,"6-11",83,250,"Arizona","Bahamas","2018","1","1",58,17.2,10.2,1.4,9.6,0.093,0.241,0.217,0.656,0.071
"138",138,1629686,"Deividas Sirvydis",1610612765,"DET",21,"6-8",80,190,"None","Lithuania","2019","2","37",3,1,2,0.3,-42.3,0,0.2,0.149,0.15,0.063
"139",139,1627749,"Dejounte Murray",1610612759,"SAS",25,"6-4",76,180,"Washington","USA","2016","1","29",68,21.1,8.3,9.2,1.9,0.031,0.196,0.268,0.533,0.388
"140",140,1626153,"Delon Wright",1610612737,"ATL",29,"6-5",77,185,"Utah","USA","2015","1","20",77,4.4,2.9,2.4,2.8,0.035,0.116,0.101,0.576,0.178
"141",141,1630166,"Deni Avdija",1610612764,"WAS",21,"6-9",81,210,"None","Israel","2020","1","9",82,8.4,5.2,2,-1,0.027,0.182,0.158,0.536,0.117
"142",142,203471,"Dennis Schroder",1610612745,"HOU",28,"6-1",73,172,"None","Germany","2013","1","17",64,13.5,3.3,4.6,-1,0.018,0.097,0.223,0.539,0.256
"143",143,1628372,"Dennis Smith Jr.",1610612757,"POR",24,"6-2",74,205,"North Carolina State","USA","2017","1","9",37,5.6,2.4,3.6,-9.8,0.029,0.107,0.173,0.474,0.311
"144",144,1627756,"Denzel Valentine",1610612762,"UTA",28,"6-4",76,220,"Michigan State","USA","2016","1","14",24,2.9,1.8,0.5,-5.1,0.04,0.15,0.15,0.523,0.074
"145",145,202324,"Derrick Favors",1610612760,"OKC",30,"6-9",81,265,"Georgia Tech","USA","2010","1","3",39,5.3,4.7,0.6,-11,0.079,0.178,0.131,0.534,0.061
"146",146,1627884,"Derrick Jones Jr.",1610612741,"CHI",25,"6-6",78,210,"UNLV","USA","Undrafted","Undrafted","Undrafted",51,5.6,3.3,0.6,2.7,0.068,0.121,0.119,0.633,0.043
"147",147,201565,"Derrick Rose",1610612752,"NYK",33,"6-2",74,200,"Memphis","USA","2008","1","1",26,12,3,4,5.8,0.032,0.08,0.217,0.541,0.266
"148",148,1628476,"Derrick Walton Jr.",1610612765,"DET",27,"6-0",72,185,"Michigan","USA","Undrafted","Undrafted","Undrafted",3,6.3,3.3,7,0.5,0.015,0.068,0.142,0.342,0.269
"149",149,1628401,"Derrick White",1610612738,"BOS",27,"6-4",76,190,"Colorado","USA","2017","1","29",75,13.2,3.5,4.9,4.9,0.017,0.094,0.196,0.549,0.231
"150",150,1630217,"Desmond Bane",1610612763,"MEM",23,"6-5",77,215,"TCU","USA","2020","1","30",76,18.2,4.4,2.7,6.9,0.018,0.118,0.226,0.592,0.136
"151",151,1626164,"Devin Booker",1610612756,"PHX",25,"6-5",77,206,"Kentucky","USA","2015","1","13",68,26.8,5,4.8,9.5,0.02,0.117,0.313,0.576,0.212
"152",152,1629962,"Devin Cannady",1610612753,"ORL",25,"6-2",74,183,"Princeton","USA","2019",NA,NA,5,10,1.2,2,-2.6,0.006,0.032,0.156,0.531,0.102
"153",153,1630170,"Devin Vassell",1610612759,"SAS",21,"6-5",77,200,"Florida State","USA","2020","1","11",71,12.3,4.3,1.9,1,0.021,0.128,0.184,0.54,0.096
"154",154,1629653,"Devon Dotson",1610612741,"CHI",22,"6-1",73,185,"Kansas","USA","Undrafted","Undrafted","Undrafted",11,2.6,0.8,1.4,-2.4,0.011,0.105,0.156,0.538,0.283
"155",155,1629719,"Devontae Cacok",1610612759,"SAS",25,"6-7",79,240,"North Carolina-Wilmington","USA","Undrafted","Undrafted","Undrafted",15,3.1,2.8,0.4,-1.6,0.058,0.279,0.122,0.675,0.073
"156",156,1628984,"Devonte' Graham",1610612740,"NOP",27,"6-1",73,195,"Kansas","USA","2018","2","34",76,11.9,2.3,4.2,0.3,0.017,0.064,0.191,0.514,0.21
"157",157,203473,"Dewayne Dedmon",1610612748,"MIA",32,"7-0",84,245,"Southern California","USA","Undrafted","Undrafted","Undrafted",67,6.3,5.8,0.7,3.5,0.1,0.251,0.164,0.632,0.069
"158",158,1629712,"Didi Louzada",1610612757,"POR",22,"6-5",77,188,"None","Brazil","2019","2","35",9,3.9,1.9,0.6,-29.1,0.034,0.096,0.13,0.517,0.07
"159",159,1628415,"Dillon Brooks",1610612763,"MEM",26,"6-7",79,225,"Oregon","Canada","2017","2","45",32,18.4,3.2,2.8,11,0.03,0.08,0.283,0.515,0.147
"160",160,1627734,"Domantas Sabonis",1610612758,"SAC",25,"6-11",83,240,"Gonzaga","Lithuania","2016","1","11",62,18.9,12.1,5.2,-0.6,0.092,0.264,0.221,0.637,0.239
"161",161,1628378,"Donovan Mitchell",1610612762,"UTA",25,"6-1",73,215,"Louisville","USA","2017","1","13",67,25.9,4.2,5.3,5.9,0.024,0.096,0.322,0.572,0.267
"162",162,1628978,"Donte DiVincenzo",1610612758,"SAC",25,"6-4",76,203,"Villanova","USA","2018","1","17",42,9,4,2.8,-3.7,0.039,0.125,0.187,0.51,0.167
"163",163,1627827,"Dorian Finney-Smith",1610612742,"DAL",28,"6-7",79,220,"Florida","USA","Undrafted","Undrafted","Undrafted",80,11,4.7,1.9,4.4,0.047,0.095,0.138,0.604,0.08
"164",164,203926,"Doug McDermott",1610612759,"SAS",30,"6-7",79,225,"Creighton","USA","2014","1","11",51,11.3,2.3,1.3,-1.8,0.014,0.076,0.178,0.593,0.068
"165",165,203110,"Draymond Green",1610612744,"GSW",32,"6-6",78,230,"Michigan State","USA","2012","2","35",46,7.5,7.3,7,7.2,0.034,0.204,0.14,0.582,0.325
"166",166,1629234,"Drew Eubanks",1610612757,"POR",25,"6-9",81,245,"Oregon State","USA","Undrafted","Undrafted","Undrafted",71,7.7,5.4,1.2,-12.8,0.097,0.197,0.171,0.638,0.107
"167",167,1630613,"Duane Washington Jr.",1610612754,"IND",22,"6-3",75,197,"Ohio State","Germany","Undrafted","Undrafted","Undrafted",48,9.9,1.7,1.8,-5.9,0.004,0.082,0.214,0.521,0.128
"168",168,1629130,"Duncan Robinson",1610612748,"MIA",27,"6-7",79,215,"Michigan","USA","Undrafted","Undrafted","Undrafted",79,10.9,2.6,1.6,2.6,0.012,0.089,0.174,0.573,0.095
"169",169,2730,"Dwight Howard",1610612747,"LAL",36,"6-10",82,265,"None","USA","2004","1","1",60,6.2,5.9,0.6,-5.7,0.12,0.246,0.145,0.657,0.049
"170",170,203939,"Dwight Powell",1610612742,"DAL",30,"6-10",82,240,"Stanford","Canada","2014","2","45",82,8.7,4.9,1.2,2.5,0.099,0.134,0.136,0.725,0.081
"171",171,1629685,"Dylan Windler",1610612739,"CLE",25,"6-6",78,196,"Belmont","USA","2019","1","26",50,2.2,1.8,0.7,0,0.047,0.146,0.115,0.519,0.111
"172",172,202334,"Ed Davis",1610612739,"CLE",32,"6-9",81,218,"North Carolina","USA","2010","1","13",31,0.9,2.1,0.2,4.6,0.072,0.23,0.062,0.632,0.053
"173",173,203901,"Elfrid Payton",1610612756,"PHX",28,"6-3",75,195,"Louisana-Lafayette","USA","2014","1","10",50,3,1.8,2,-2,0.035,0.115,0.175,0.397,0.252
"174",174,1630190,"Elijah Hughes",1610612757,"POR",24,"6-5",77,215,"Syracuse","USA","2020","2","39",36,3.5,1.6,0.6,-23.7,0.013,0.118,0.158,0.426,0.079
"175",175,1629150,"Emanuel Terry",1610612756,"PHX",25,"6-9",81,220,"Lincoln Memorial","USA","Undrafted","Undrafted","Undrafted",3,0,5,0.7,-50.3,0.286,0.389,0.189,0,0.222
"176",176,1626144,"Emmanuel Mudiay",1610612758,"SAC",26,"6-3",75,200,"None","Democratic Republic of the Congo","2015","1","7",2,1.5,0,2,-23.7,0,0,0.192,0.399,0.571
"177",177,202683,"Enes Freedom",1610612738,"BOS",29,"6-10",82,250,"None","Turkey","2011","1","3",35,3.7,4.6,0.2,7.8,0.143,0.219,0.129,0.585,0.027
"178",178,202339,"Eric Bledsoe",1610612757,"POR",32,"6-1",73,214,"Kentucky","USA","2010","1","18",54,9.9,3.4,4.2,-1.2,0.02,0.105,0.198,0.514,0.251
"179",179,201569,"Eric Gordon",1610612745,"HOU",33,"6-3",75,215,"Indiana","USA","2008","1","7",57,13.4,2,2.7,-5.1,0.009,0.056,0.182,0.614,0.137
"180",180,1629672,"Eric Paschall",1610612762,"UTA",25,"6-6",78,255,"Villanova","USA","2019","2","41",58,5.8,1.8,0.6,-2.3,0.042,0.1,0.174,0.612,0.074
"181",181,1630647,"Eugene Omoruyi",1610612742,"DAL",25,"6-6",78,235,"Oregon","Nigeria","Undrafted","Undrafted","Undrafted",4,1.8,1.8,0.5,11.9,0.111,0.278,0.156,0.518,0.167
"182",182,203095,"Evan Fournier",1610612752,"NYK",29,"6-6",78,205,"None","France","2012","1","20",80,14.1,2.6,2.1,-2.7,0.013,0.073,0.201,0.554,0.114
"183",183,1630596,"Evan Mobley",1610612739,"CLE",20,"6-11",83,215,"Southern California","USA","2021","1","3",69,15,8.3,2.5,1.7,0.063,0.174,0.201,0.549,0.117
"184",184,1630267,"Facundo Campazzo",1610612743,"DEN",31,"5-10",70,195,"None","Argentina","Undrafted","Undrafted","Undrafted",65,5.1,1.8,3.4,-8.6,0.019,0.08,0.143,0.503,0.276
"185",185,1630624,"Feron Hunt",1610612752,"NYK",22,"6-8",80,195,"Southern Methodist","USA","Undrafted","Undrafted","Undrafted",2,0,0.5,0.5,-10.1,0.091,0,0.136,0,0.2
"186",186,1628402,"Frank Jackson",1610612765,"DET",23,"6-3",75,205,"Duke","USA","2017","2","31",53,10.6,1.6,1,-6.8,0.015,0.058,0.203,0.53,0.077
"187",187,1626163,"Frank Kaminsky",1610612756,"PHX",29,"7-0",84,240,"Wisconsin","USA","2015","1","9",9,10.6,4.6,1.4,9.6,0.06,0.144,0.185,0.635,0.105
"188",188,1628373,"Frank Ntilikina",1610612742,"DAL",23,"6-4",76,200,"None","France","2017","1","8",58,4.1,1.4,1.2,4.3,0.016,0.094,0.165,0.513,0.149
"189",189,1630532,"Franz Wagner",1610612753,"ORL",20,"6-10",82,220,"Michigan","Germany","2021","1","8",79,15.2,4.5,2.9,-4.9,0.033,0.106,0.208,0.559,0.151
"190",190,1627832,"Fred VanVleet",1610612761,"TOR",28,"6-1",73,197,"Wichita State","USA","Undrafted","Undrafted","Undrafted",65,20.3,4.4,6.7,3.7,0.016,0.1,0.233,0.552,0.266
"191",191,1630273,"Freddie Gillespie",1610612753,"ORL",24,"6-9",81,245,"Baylor","USA","Undrafted","Undrafted","Undrafted",9,2.3,4,0.6,-13.6,0.099,0.183,0.109,0.419,0.061
"192",192,1627788,"Furkan Korkmaz",1610612755,"PHI",24,"6-7",79,202,"None","Turkey","2016","1","26",67,7.6,2.6,1.9,0.8,0.015,0.104,0.17,0.502,0.129
"193",193,1629216,"Gabe Vincent",1610612748,"MIA",25,"6-3",75,200,"California-Santa Barbara","USA","Undrafted","Undrafted","Undrafted",68,8.7,1.9,3.1,3.1,0.014,0.064,0.174,0.551,0.198
"194",194,1628221,"Gabe York",1610612754,"IND",28,"6-3",75,190,"Arizona","USA","Undrafted","Undrafted","Undrafted",2,4,1,2,-14.6,0,0.143,0.179,0.435,0.222
"195",195,1630466,"Gabriel Deck",1610612760,"OKC",27,"6-6",78,231,"None","Argentina","Undrafted","Undrafted","Undrafted",7,2.6,0.9,0.7,-13.6,0.017,0.077,0.119,0.643,0.147
"196",196,1630994,"Gabriel Lundberg",1610612756,"PHX",27,"6-4",76,203,"None","Denmark","Undrafted","Undrafted","Undrafted",4,3.3,1.8,2.8,18.3,0.04,0.119,0.191,0.342,0.268
"197",197,202066,"Garrett Temple",1610612740,"NOP",35,"6-5",77,195,"Louisiana State","USA","Undrafted","Undrafted","Undrafted",59,5.2,2.4,1.3,-13.7,0.024,0.106,0.136,0.494,0.102
"198",198,1629726,"Garrison Mathews",1610612745,"HOU",25,"6-5",77,215,"Lipscomb","USA","Undrafted","Undrafted","Undrafted",65,10,2.9,1,-5.9,0.018,0.093,0.137,0.602,0.052
"199",199,1629109,"Gary Clark",1610612740,"NOP",27,"6-6",78,225,"Cincinnati","USA","Undrafted","Undrafted","Undrafted",38,2.7,2.4,0.5,-2.1,0.057,0.174,0.11,0.547,0.067
"200",200,203914,"Gary Harris",1610612753,"ORL",27,"6-4",76,210,"Michigan State","USA","2014","1","19",61,11.1,2,1.8,-5.9,0.02,0.048,0.16,0.571,0.094
"201",201,1627780,"Gary Payton II",1610612744,"GSW",29,"6-3",75,195,"Oregon State","USA","Undrafted","Undrafted","Undrafted",71,7.1,3.5,0.9,8.3,0.058,0.132,0.14,0.679,0.076
"202",202,1629018,"Gary Trent Jr.",1610612761,"TOR",23,"6-5",77,209,"Duke","USA","2018","2","37",70,18.3,2.7,2,3.3,0.01,0.07,0.212,0.546,0.085
"203",203,201588,"George Hill",1610612749,"MIL",35,"6-4",76,188,"Indiana-Purdue Indianapolis","USA","2008","1","26",54,6.2,2.9,2.2,11.7,0.029,0.084,0.115,0.552,0.124
"204",204,1628994,"George King",1610612742,"DAL",28,"6-6",78,220,"Colorado Boulder","USA","2018","2","59",4,0.3,1.3,0,-62.2,0,0.25,0.159,0.085,0
"205",205,1627777,"Georges Niang",1610612755,"PHI",28,"6-7",79,230,"Iowa State","USA","2016","2","50",76,9.2,2.7,1.3,1.9,0.014,0.097,0.16,0.594,0.09
"206",206,1630686,"Georgios Kalaitzakis",1610612760,"OKC",23,"6-7",79,192,"None","Greece","2021","2","60",13,6.6,1.6,0.9,-29.3,0.026,0.074,0.2,0.536,0.09
"207",207,203507,"Giannis Antetokounmpo",1610612749,"MIL",27,"6-11",83,242,"None","Greece","2013","1","15",67,29.9,11.6,5.8,8,0.06,0.267,0.34,0.633,0.304
"208",208,1629048,"Goga Bitadze",1610612754,"IND",22,"7-0",84,250,"None","Georgia","2019","1","18",50,7,3.5,1.1,-2.4,0.106,0.139,0.191,0.595,0.11
"209",209,201609,"Goran Dragic",1610612751,"BKN",35,"6-3",75,190,"None","Slovenia","2008","2","45",21,7.5,3.1,4.1,0.4,0.027,0.104,0.166,0.474,0.227
"210",210,202330,"Gordon Hayward",1610612766,"CHA",32,"6-7",79,225,"Butler","USA","2010","1","9",49,15.9,4.6,3.6,-0.4,0.022,0.114,0.202,0.57,0.16
"211",211,203476,"Gorgui Dieng",1610612737,"ATL",32,"6-10",82,248,"Louisville","Senegal","2013","1","21",44,3.5,2.8,0.8,-9.2,0.083,0.238,0.164,0.624,0.155
"212",212,1629684,"Grant Williams",1610612738,"BOS",23,"6-6",78,236,"Tennessee","USA","2019","1","22",77,7.8,3.6,1,4.5,0.035,0.107,0.123,0.635,0.058
"213",213,1628960,"Grayson Allen",1610612749,"MIL",26,"6-4",76,198,"Duke","USA","2018","1","21",66,11.1,3.4,1.5,5,0.017,0.097,0.148,0.609,0.075
"214",214,1630535,"Greg Brown III",1610612757,"POR",20,"6-7",79,206,"Texas-Austin","USA","2021","2","43",48,4.7,2.8,0.7,-17.6,0.057,0.15,0.168,0.515,0.087
"215",215,202328,"Greg Monroe",1610612750,"MIN",31,"6-10",82,250,"Georgetown","USA","2010","1","7",14,5.4,4.6,1.6,0.9,0.141,0.176,0.164,0.566,0.162
"216",216,1628977,"Hamidou Diallo",1610612765,"DET",23,"6-5",77,202,"Kentucky","USA","2018","2","45",58,11,4.8,1.3,-7.6,0.049,0.162,0.213,0.541,0.098
"217",217,203084,"Harrison Barnes",1610612758,"SAC",29,"6-8",80,225,"North Carolina","USA","2012","1","7",77,16.4,5.6,2.4,-6.7,0.031,0.135,0.184,0.623,0.103
"218",218,202355,"Hassan Whiteside",1610612762,"UTA",32,"7-0",84,265,"Marshall","USA","2010","2","33",65,8.2,7.6,0.4,10.1,0.142,0.275,0.164,0.662,0.031
"219",219,1629755,"Hassani Gravett",1610612753,"ORL",25,"6-2",74,187,"South Carolina","USA","2019",NA,NA,8,6.3,2.6,2.5,-1.8,0.006,0.114,0.13,0.629,0.177
"220",220,1629312,"Haywood Highsmith",1610612748,"MIA",25,"6-4",76,220,"Wheeling Jesuit","USA","2018",NA,NA,19,2.3,1.4,0.3,-8.5,0.056,0.097,0.131,0.446,0.052
"221",221,1630529,"Herbert Jones",1610612740,"NOP",23,"6-7",79,206,"Alabama","USA","2021","2","35",78,9.5,3.8,2.1,2,0.041,0.086,0.136,0.573,0.097
"222",222,1629649,"Ignas Brazdeikis",1610612753,"ORL",23,"6-6",78,221,"Michigan","Canada","2019","2","47",42,5,1.7,0.9,-15.7,0.038,0.09,0.172,0.52,0.11
"223",223,1630193,"Immanuel Quickley",1610612752,"NYK",22,"6-3",75,190,"Kentucky","USA","2020","1","25",78,11.3,3.2,3.5,6.6,0.017,0.114,0.217,0.543,0.244
"224",224,1629067,"Isaac Bonga",1610612761,"TOR",22,"6-8",80,180,"None","Germany","2018","2","39",15,0.8,0.5,0.3,-22.6,0.043,0.038,0.108,0.363,0.089
"225",225,1630171,"Isaac Okoro",1610612739,"CLE",21,"6-5",77,225,"Auburn","USA","2020","1","5",67,8.8,3,1.8,3.1,0.037,0.065,0.123,0.589,0.083
"226",226,1628392,"Isaiah Hartenstein",1610612746,"LAC",23,"7-0",84,250,"None","Germany","2017","2","43",68,8.3,4.9,2.4,7,0.097,0.158,0.177,0.664,0.193
"227",227,1630543,"Isaiah Jackson",1610612754,"IND",20,"6-10",82,205,"Kentucky","USA","2021","1","22",36,8.3,4.1,0.3,-2.8,0.109,0.157,0.214,0.607,0.027
"228",228,1630198,"Isaiah Joe",1610612755,"PHI",22,"6-4",76,165,"Arkansas","USA","2020","2","49",55,3.6,1,0.6,1.7,0.01,0.079,0.144,0.519,0.08
"229",229,1630587,"Isaiah Livers",1610612765,"DET",23,"6-6",78,232,"Michigan","USA","2021","2","42",19,6.4,3,1.1,-0.8,0.037,0.109,0.125,0.629,0.077
"230",230,1629676,"Isaiah Roby",1610612760,"OKC",24,"6-8",80,230,"Nebraska-Lincoln","USA","2019","2","45",45,10.1,4.8,1.6,-8.8,0.074,0.145,0.185,0.607,0.117
"231",231,1630191,"Isaiah Stewart",1610612765,"DET",20,"6-8",80,250,"Washington","USA","2020","1","16",71,8.3,8.7,1.2,-9.5,0.111,0.217,0.144,0.55,0.07
"232",232,202738,"Isaiah Thomas",1610612766,"CHA",33,"5-9",69,185,"Washington","USA","2011","2","60",22,8.4,1.3,1.5,-1.3,0.012,0.071,0.245,0.516,0.155
"233",233,1630225,"Isaiah Todd",1610612764,"WAS",20,"6-9",81,219,"None","USA","2021","2","31",12,1.7,1,0.3,-15.6,0.034,0.123,0.188,0.349,0.095
"234",234,202397,"Ish Smith",1610612764,"WAS",33,"6-0",72,175,"Wake Forest","USA","Undrafted","Undrafted","Undrafted",65,6.3,2.2,3.8,-6.7,0.021,0.1,0.195,0.465,0.318
"235",235,1630688,"Ish Wainright",1610612756,"PHX",27,"6-5",77,250,"Baylor","USA","Undrafted","Undrafted","Undrafted",45,2.4,1.2,0.3,5.6,0.066,0.072,0.134,0.494,0.057
"236",236,1627826,"Ivica Zubac",1610612746,"LAC",25,"7-0",84,240,"None","Croatia","2016","2","32",76,10.3,8.5,1.6,-3.5,0.115,0.223,0.168,0.66,0.097
"237",237,1630550,"JT Thor",1610612766,"CHA",19,"6-9",81,203,"Auburn","USA","2021","2","37",33,2,1.3,0.6,0.3,0.04,0.111,0.116,0.525,0.097
"238",238,1629630,"Ja Morant",1610612763,"MEM",22,"6-3",75,174,"Murray State","USA","2019","1","2",57,27.4,5.7,6.7,4.1,0.037,0.124,0.33,0.575,0.33
"239",239,203210,"JaMychal Green",1610612743,"DEN",31,"6-8",80,227,"Alabama","USA","Undrafted","Undrafted","Undrafted",67,6.4,4.2,0.9,-3.5,0.073,0.187,0.168,0.587,0.084
"240",240,1630605,"JaQuori McLaughlin",1610612742,"DAL",24,"6-4",76,190,"Cal-Santa Barbara","USA","Undrafted","Undrafted","Undrafted",4,0,0,0.5,-34.6,0,0,0.065,0,0.2
"241",241,201580,"JaVale McGee",1610612756,"PHX",34,"7-0",84,270,"Nevada-Reno","USA","2008","1","18",74,9.2,6.7,0.6,5.8,0.134,0.266,0.214,0.651,0.055
"242",242,203953,"Jabari Parker",1610612738,"BOS",27,"6-7",79,245,"Duke","USA","2014","1","2",12,4.4,2.3,0.5,-0.8,0.042,0.18,0.191,0.632,0.094
"243",243,1630183,"Jaden McDaniels",1610612750,"MIN",21,"6-9",81,185,"Washington","USA","2020","1","28",70,9.2,4.2,1.1,0.6,0.038,0.115,0.149,0.553,0.063
"244",244,1630531,"Jaden Springer",1610612755,"PHI",19,"6-4",76,202,"Tennessee","USA","2021","1","28",2,1,1,0,-72.4,0.143,0.125,0.118,1,0
"245",245,203109,"Jae Crowder",1610612756,"PHX",31,"6-6",78,235,"Marquette","USA","2012","2","34",67,9.4,5.3,1.9,10.2,0.017,0.16,0.146,0.541,0.08
"246",246,1630256,"Jae'Sean Tate",1610612745,"HOU",26,"6-4",76,230,"Ohio State","USA","Undrafted","Undrafted","Undrafted",78,11.8,5.4,2.8,-8.9,0.063,0.135,0.194,0.567,0.171
"247",247,1630186,"Jahmi'us Ramsey",1610612758,"SAC",20,"6-3",75,190,"Texas Tech","USA","2020","2","43",19,3.2,0.7,0.4,-6,0.027,0.068,0.208,0.468,0.075
"248",248,1630693,"Jaime Echenique",1610612764,"WAS",24,"6-10",82,258,"Wichita State","Colombia","Undrafted","Undrafted","Undrafted",1,0,0,0,-30,0,0,0,0,0
"249",249,1627774,"Jake Layman",1610612750,"MIN",28,"6-8",80,209,"Maryland","USA","2016","2","47",34,2.4,1.1,0.3,-3.4,0.025,0.123,0.16,0.5,0.055
"250",250,1627751,"Jakob Poeltl",1610612759,"SAS",26,"7-1",85,245,"Utah","Austria","2016","1","9",68,13.5,9.3,2.8,3.4,0.125,0.184,0.182,0.613,0.131
"251",251,1628973,"Jalen Brunson",1610612742,"DAL",25,"6-1",73,190,"Villanova","USA","2018","2","33",79,16.3,3.9,4.8,4.4,0.017,0.105,0.215,0.583,0.237
"252",252,1630224,"Jalen Green",1610612745,"HOU",20,"6-4",76,186,"None","USA","2021","1","2",67,17.3,3.4,2.6,-11.3,0.015,0.088,0.234,0.547,0.132
"253",253,1630552,"Jalen Johnson",1610612737,"ATL",20,"6-8",80,219,"Duke","USA","2021","1","20",22,2.4,1.2,0.1,-10,0.016,0.175,0.183,0.59,0.045
"254",254,1629667,"Jalen McDaniels",1610612766,"CHA",24,"6-9",81,205,"San Diego State","USA","2019","2","52",55,6.2,3.1,1.1,2.6,0.039,0.138,0.152,0.595,0.089
"255",255,1630188,"Jalen Smith",1610612754,"IND",22,"6-10",82,215,"Maryland","USA","2020","1","10",51,9.2,6,0.5,2.7,0.101,0.216,0.193,0.595,0.038
"256",256,1630591,"Jalen Suggs",1610612753,"ORL",20,"6-5",77,205,"Gonzaga","USA","2021","1","5",48,11.8,3.6,4.4,-7.1,0.019,0.102,0.244,0.455,0.249
"257",257,1630547,"James Bouknight",1610612766,"CHA",21,"6-4",76,190,"Connecticut","USA","2021","1","11",31,4.6,1.7,0.8,-6.2,0.064,0.09,0.226,0.459,0.132
"258",258,203516,"James Ennis III",1610612743,"DEN",31,"6-6",78,215,"Cal State-Long Beach","USA","2013","2","50",7,4.1,1.7,0.4,0.9,0.086,0.121,0.206,0.553,0.081
"259",259,201935,"James Harden",1610612755,"PHI",32,"6-5",77,220,"Arizona State","USA","2009","1","3",65,22,7.7,10.3,3.5,0.024,0.176,0.266,0.583,0.401
"260",260,201949,"James Johnson",1610612751,"BKN",35,"6-7",79,240,"Wake Forest","USA","2009","1","16",62,5.5,3.5,2.1,-1.6,0.041,0.127,0.136,0.513,0.153
"261",261,1630691,"Jamorko Pickett",1610612765,"DET",24,"6-9",81,206,"Georgetown","USA","Undrafted","Undrafted","Undrafted",13,3.8,2.5,0.5,0.3,0.032,0.141,0.133,0.491,0.057
"262",262,1630215,"Jared Butler",1610612762,"UTA",21,"6-3",75,193,"Baylor","USA","2021","2","40",42,3.8,1.1,1.5,-0.1,0.014,0.102,0.221,0.509,0.258
"263",263,1629607,"Jared Harper",1610612740,"NOP",24,"5-10",70,175,"Auburn","USA","Undrafted","Undrafted","Undrafted",5,7.4,0.4,2.8,9.8,0.047,0,0.287,0.666,0.538
"264",264,1628991,"Jaren Jackson Jr.",1610612763,"MEM",22,"6-11",83,242,"Michigan State","USA","2018","1","4",78,16.3,5.8,1.1,7.9,0.05,0.145,0.248,0.535,0.058
"265",265,1629020,"Jarred Vanderbilt",1610612750,"MIN",23,"6-9",81,214,"Kentucky","USA","2018","2","41",74,6.9,8.4,1.3,5,0.107,0.212,0.108,0.612,0.066
"266",266,1628386,"Jarrett Allen",1610612739,"CLE",23,"6-10",82,243,"Texas-Austin","USA","2017","1","22",56,16.1,10.8,1.6,3.3,0.109,0.213,0.177,0.698,0.079
"267",267,1629633,"Jarrett Culver",1610612763,"MEM",23,"6-6",78,195,"Texas Tech","USA","2019","1","6",37,3.5,1.3,0.9,-2.3,0.033,0.101,0.199,0.433,0.135
"268",268,1629600,"Jarron Cumberland",1610612757,"POR",24,"6-5",77,205,"Cincinnati","USA","Undrafted","Undrafted","Undrafted",3,0.7,1,0.3,40.2,0.059,0.182,0.061,0.5,0.1
"269",269,1629602,"Javin DeLaurier",1610612749,"MIL",24,"6-10",82,234,"Duke","USA","Undrafted","Undrafted","Undrafted",1,0,1,0,57.1,0,0.25,0,0,0
"270",270,1629750,"Javonte Green",1610612741,"CHI",28,"6-5",77,205,"Radford","USA","Undrafted","Undrafted","Undrafted",65,7.2,4.2,0.9,1.6,0.062,0.12,0.113,0.637,0.051
"271",271,1630606,"Javonte Smart",1610612748,"MIA",22,"6-4",76,205,"Louisiana State","USA","Undrafted","Undrafted","Undrafted",17,3,1.4,0.9,-10.6,0.022,0.094,0.154,0.407,0.121
"272",272,1629637,"Jaxson Hayes",1610612740,"NOP",21,"6-11",83,220,"Texas-Austin","USA","2019","1","8",70,9.3,4.5,0.6,0.5,0.08,0.146,0.159,0.68,0.047
"273",273,1630643,"Jay Huff",1610612747,"LAL",24,"7-1",85,240,"Virginia","USA","Undrafted","Undrafted","Undrafted",4,0,1,0.3,36.5,0.04,0.111,0.083,0,0.071
"274",274,1630206,"Jay Scrubb",1610612746,"LAC",21,"6-5",77,220,"John A. Logan","USA","2020","2","55",18,2.7,0.9,0.4,6.9,0.016,0.1,0.188,0.486,0.095
"275",275,1627759,"Jaylen Brown",1610612738,"BOS",25,"6-6",78,223,"California","USA","2016","1","3",66,23.6,6.1,3.5,9.8,0.024,0.145,0.298,0.574,0.173
"276",276,1629658,"Jaylen Hoard",1610612760,"OKC",23,"6-8",80,216,"Wake Forest","France","Undrafted","Undrafted","Undrafted",7,14.7,12,2.4,-17.2,0.112,0.228,0.184,0.536,0.113
"277",277,1628537,"Jaylen Morris",1610612759,"SAS",26,"6-5",77,185,"Molloy","USA","Undrafted","Undrafted","Undrafted",3,0.7,0.7,0.7,22.9,0,0.118,0.231,0.129,0.143
"278",278,1629669,"Jaylen Nowell",1610612750,"MIN",22,"6-4",76,201,"Washington","USA","2019","2","43",62,8.5,2,2.1,2.8,0.022,0.1,0.205,0.581,0.197
"279",279,1629873,"Jaysean Paige",1610612765,"DET",27,"6-2",74,200,"West Virginia","USA","Undrafted","Undrafted","Undrafted",1,0,1,1,-69.6,0,0.091,0.211,0,0.333
"280",280,1628369,"Jayson Tatum",1610612738,"BOS",24,"6-8",80,210,"Duke","USA","2017","1","3",76,26.9,8,4.4,12.1,0.032,0.18,0.313,0.578,0.204
"281",281,1630288,"Jeff Dowtin",1610612753,"ORL",24,"6-3",75,177,"Rhode Island","USA","Undrafted","Undrafted","Undrafted",9,2.1,2,1.1,-12.3,0.065,0.097,0.119,0.353,0.139
"282",282,201145,"Jeff Green",1610612743,"DEN",35,"6-8",80,235,"Georgetown","USA","2007","1","5",75,10.3,3.1,1.3,1.8,0.024,0.1,0.16,0.627,0.071
"283",283,1629203,"Jemerrio Jones",1610612747,"LAL",27,"6-5",77,175,"New Mexico State","USA","2018",NA,NA,2,2,1.5,0,-38,0.118,0.056,0.083,0.667,0
"284",284,203924,"Jerami Grant",1610612765,"DET",28,"6-8",80,210,"Syracuse","USA","2014","2","39",47,19.2,4.1,2.4,-7.8,0.017,0.108,0.253,0.556,0.13
"285",285,1630526,"Jeremiah Robinson-Earl",1610612760,"OKC",21,"6-8",80,242,"Villanova","USA","2021","2","32",49,7.5,5.6,1,-9.8,0.061,0.172,0.152,0.526,0.069
"286",286,203087,"Jeremy Lamb",1610612758,"SAC",29,"6-5",77,180,"Connecticut","USA","2012","1","12",56,7.3,2.8,1.4,0.6,0.026,0.134,0.189,0.521,0.124
"287",287,1630579,"Jericho Sims",1610612752,"NYK",23,"6-9",81,250,"Texas-Austin","USA","2021","2","58",41,2.2,4.1,0.5,6.5,0.108,0.187,0.068,0.674,0.054
"288",288,1628975,"Jevon Carter",1610612749,"MIL",26,"6-1",73,200,"West Virginia","USA","2018","2","32",66,4.2,1.7,1.5,-3,0.014,0.097,0.135,0.531,0.148
"289",289,202710,"Jimmy Butler",1610612748,"MIA",32,"6-7",79,230,"Marquette","USA","2011","1","30",57,21.4,5.9,5.5,6.1,0.055,0.125,0.26,0.592,0.264
"290",290,1629111,"Jock Landale",1610612759,"SAS",26,"6-11",83,255,"None","Australia","Undrafted","Undrafted","Undrafted",54,4.9,2.6,0.8,-1.1,0.094,0.118,0.172,0.597,0.115
"291",291,203925,"Joe Harris",1610612751,"BKN",30,"6-6",78,220,"Virginia","USA","2014","2","33",14,11.3,4,1,1.1,0.012,0.109,0.146,0.624,0.047
"292",292,204060,"Joe Ingles",1610612757,"POR",34,"6-8",80,220,"None","Australia","Undrafted","Undrafted","Undrafted",45,7.2,2.9,3.5,8.2,0.01,0.099,0.129,0.551,0.195
"293",293,2207,"Joe Johnson",1610612738,"BOS",40,"6-7",79,240,"Arkansas","USA","2001","1","10",1,2,0,0,-100,0,0,0.2,1,0
"294",294,1630580,"Joe Wieskamp",1610612759,"SAS",22,"6-6",78,205,"Iowa","USA","2021","2","41",29,2.1,0.5,0.3,1.5,0.017,0.045,0.129,0.494,0.065
"295",295,1630555,"Joel Ayayi",1610612764,"WAS",22,"6-4",76,180,"Gonzaga","France","Undrafted","Undrafted","Undrafted",7,0.3,0.4,0.6,12.2,0.037,0.105,0.133,0.167,0.364
"296",296,203954,"Joel Embiid",1610612755,"PHI",28,"7-0",84,280,"Kansas","Cameroon","2014","1","3",68,30.6,11.7,4.2,7.9,0.068,0.273,0.375,0.616,0.236
"297",297,1628381,"John Collins",1610612737,"ATL",24,"6-9",81,226,"Wake Forest","USA","2017","1","19",54,16.2,7.8,1.8,0.8,0.056,0.19,0.202,0.61,0.088
"298",298,1629723,"John Konchar",1610612763,"MEM",26,"6-5",77,210,"Indiana-Purdue Fort Wayne","USA","Undrafted","Undrafted","Undrafted",72,4.8,4.6,1.5,2.7,0.059,0.182,0.097,0.615,0.109
"299",299,1630257,"Jon Teske",1610612763,"MEM",24,"7-1",85,265,"Michigan","USA","Undrafted","Undrafted","Undrafted",3,0,0.7,0.3,-7.1,0,0.286,0.1,0,0.167
"300",300,202685,"Jonas Valanciunas",1610612740,"NOP",29,"6-11",83,265,"None","Lithuania","2011","1","5",74,17.8,11.4,2.6,1.2,0.1,0.28,0.238,0.617,0.137
"301",301,1630228,"Jonathan Kuminga",1610612744,"GSW",19,"6-7",79,225,"None","DRC","2021","1","7",70,9.3,3.3,0.9,1.9,0.047,0.139,0.227,0.6,0.087
"302",302,1628395,"Jordan Bell",1610612741,"CHI",27,"6-7",79,216,"Oregon","USA","2017","2","38",1,0,1,0,25,0.5,0,0,0,0
"303",303,203903,"Jordan Clarkson",1610612762,"UTA",29,"6-4",76,194,"Missouri","USA","2014","2","46",79,16,3.5,2.5,8.7,0.03,0.091,0.258,0.532,0.144
"304",304,1630692,"Jordan Goodwin",1610612764,"WAS",23,"6-3",75,200,"St. Louis","USA","Undrafted","Undrafted","Undrafted",2,0,0.5,0,-110,0,0.2,0.25,0,0
"305",305,1629162,"Jordan McLaughlin",1610612750,"MIN",26,"5-11",71,185,"Southern California","USA","Undrafted","Undrafted","Undrafted",62,3.8,1.5,2.9,2.4,0.023,0.075,0.115,0.535,0.258
"306",306,1629670,"Jordan Nwora",1610612749,"MIL",23,"6-8",80,225,"Louisville","USA","2020","2","45",62,7.9,3.6,1,-3,0.03,0.147,0.187,0.506,0.071
"307",307,1629673,"Jordan Poole",1610612744,"GSW",22,"6-4",76,194,"Michigan","USA","2019","1","28",76,18.5,3.4,4,6.6,0.015,0.094,0.252,0.598,0.207
"308",308,1630648,"Jordan Schakel",1610612764,"WAS",23,"6-6",78,200,"San Diego State","USA","Undrafted","Undrafted","Undrafted",4,1.3,2,0,7.9,0.063,0.188,0.191,0.21,0
"309",309,1630631,"Jose Alvarado",1610612740,"NOP",24,"6-0",72,179,"Georgia Tech","USA","Undrafted","Undrafted","Undrafted",54,6.1,1.9,2.8,7.3,0.029,0.094,0.174,0.52,0.261
"310",310,1630528,"Josh Christopher",1610612745,"HOU",20,"6-3",75,215,"Arizona State","USA","2021","1","24",74,7.9,2.5,2,-9.2,0.037,0.103,0.205,0.534,0.17
"311",311,1630581,"Josh Giddey",1610612760,"OKC",19,"6-8",80,205,"None","Australia","2021","1","6",54,12.5,7.8,6.4,-8.3,0.052,0.175,0.218,0.478,0.325
"312",312,1630182,"Josh Green",1610612742,"DAL",21,"6-5",77,200,"Arizona","Australia","2020","1","18",67,4.8,2.4,1.2,3.7,0.049,0.105,0.13,0.578,0.11
"313",313,1628404,"Josh Hart",1610612757,"POR",27,"6-5",77,215,"Villanova","USA","2017","1","30",54,14.9,7.2,4.1,-4.9,0.033,0.183,0.184,0.61,0.19
"314",314,1628367,"Josh Jackson",1610612758,"SAC",25,"6-8",80,207,"Kansas","USA","2017","1","4",51,6.4,2.8,1.1,-8.6,0.025,0.149,0.196,0.491,0.105
"315",315,1629006,"Josh Okogie",1610612750,"MIN",23,"6-4",76,213,"Georgia Tech","Nigeria","2018","1","20",49,2.7,1.4,0.5,2.5,0.049,0.077,0.115,0.526,0.066
"316",316,1626196,"Josh Richardson",1610612759,"SAS",28,"6-5",77,200,"Tennessee","USA","2015","2","40",65,10.2,2.8,1.8,4.5,0.026,0.087,0.171,0.573,0.105
"317",317,1630563,"Joshua Primo",1610612759,"SAS",19,"6-4",76,189,"Alabama","Canada","2021","1","12",50,5.8,2.3,1.6,-3.3,0.031,0.079,0.152,0.487,0.111
"318",318,201950,"Jrue Holiday",1610612749,"MIL",31,"6-3",75,205,"UCLA","USA","2009","1","17",67,18.3,4.5,6.8,8.5,0.031,0.1,0.231,0.593,0.297
"319",319,1629308,"Juan Toscano-Anderson",1610612744,"GSW",29,"6-6",78,209,"Marquette","USA","Undrafted","Undrafted","Undrafted",73,4.1,2.4,1.7,2.9,0.03,0.143,0.144,0.561,0.18
"320",320,1627823,"Juancho Hernangomez",1610612762,"UTA",26,"6-9",81,214,"None","Spain","2016","1","15",40,3.3,2.5,0.5,0.5,0.063,0.155,0.133,0.542,0.064
"321",321,203944,"Julius Randle",1610612752,"NYK",27,"6-8",80,250,"Kentucky","USA","2014","1","7",72,20.1,9.9,5.1,-3.6,0.045,0.225,0.279,0.509,0.251
"322",322,1626147,"Justin Anderson",1610612754,"IND",28,"6-5",77,231,"Virginia","USA","2015","1","21",16,6.4,2.9,2.1,-0.1,0.013,0.142,0.149,0.493,0.135
"323",323,1630551,"Justin Champagnie",1610612761,"TOR",20,"6-6",78,206,"Pittsburgh","USA","Undrafted","Undrafted","Undrafted",36,2.3,2,0.3,7.4,0.111,0.126,0.111,0.571,0.051
"324",324,203200,"Justin Holiday",1610612758,"SAC",33,"6-6",78,180,"Washington","USA","Undrafted","Undrafted","Undrafted",74,10.1,2.6,1.7,-5.1,0.014,0.08,0.156,0.543,0.086
"325",325,1628382,"Justin Jackson",1610612756,"PHX",27,"6-8",80,220,"North Carolina","USA","2017","1","15",7,2.1,1,0.3,-15.6,0.019,0.167,0.177,0.472,0.125
"326",326,1629620,"Justin Robinson",1610612765,"DET",24,"6-1",73,195,"Virginia Tech","USA","2019",NA,NA,25,3.1,0.8,1.3,-17.5,0.011,0.051,0.153,0.404,0.175
"327",327,1626159,"Justise Winslow",1610612757,"POR",26,"6-6",78,222,"Duke","USA","2015","1","10",48,5.7,4.2,1.8,2.1,0.06,0.177,0.178,0.479,0.155
"328",328,203994,"Jusuf Nurkic",1610612757,"POR",27,"6-11",83,290,"None","Bosnia and Herzegovina","2014","1","16",56,15,11.1,2.8,-0.1,0.101,0.283,0.233,0.586,0.16
"329",329,1629752,"Juwan Morgan",1610612738,"BOS",25,"6-7",79,232,"Indiana","USA","Undrafted","Undrafted","Undrafted",2,2.5,2,0.5,-26.2,0.061,0.065,0.04,0.833,0.043
"330",330,1629644,"KZ Okpala",1610612748,"MIA",22,"6-8",80,215,"Stanford","USA","2019","2","32",21,3.7,2,0.7,2.7,0.044,0.118,0.141,0.521,0.082
"331",331,1630539,"Kai Jones",1610612766,"CHA",21,"6-10",82,221,"Texas-Austin","Bahamas","2021","1","19",21,1,0.5,0.2,-11.1,0.045,0.114,0.15,0.628,0.103
"332",332,1626157,"Karl-Anthony Towns",1610612750,"MIN",26,"6-11",83,248,"Kentucky","USA","2015","1","1",74,24.6,9.8,3.6,5.3,0.074,0.21,0.272,0.64,0.177
"333",333,1626208,"Keifer Sykes",1610612754,"IND",28,"5-11",71,167,"Wisc.-Green Bay","USA","Undrafted","Undrafted","Undrafted",32,5.6,1.4,1.9,-4.5,0.014,0.069,0.174,0.456,0.162
"334",334,1628966,"Keita Bates-Diop",1610612759,"SAS",26,"6-8",80,229,"Ohio State","USA","2018","2","48",59,5.7,3.9,0.7,0.8,0.061,0.163,0.144,0.578,0.059
"335",335,1629103,"Kelan Martin",1610612738,"BOS",26,"6-5",77,230,"Butler","USA","Undrafted","Undrafted","Undrafted",30,5.7,1.8,0.7,-6.2,0.035,0.086,0.18,0.484,0.072
"336",336,1629640,"Keldon Johnson",1610612759,"SAS",22,"6-6",78,220,"Kentucky","USA","2019","1","29",75,17,6.1,2.1,2.1,0.031,0.148,0.21,0.574,0.091
"337",337,1629833,"Keljin Blevins",1610612757,"POR",26,"6-4",76,200,"Montana State","USA","2019",NA,NA,31,3.1,1.5,0.6,-27.7,0.042,0.09,0.161,0.41,0.083
"338",338,203482,"Kelly Olynyk",1610612765,"DET",31,"6-11",83,240,"Gonzaga","Canada","2013","1","13",40,9.1,4.4,2.8,-4.9,0.067,0.17,0.207,0.561,0.214
"339",339,1626162,"Kelly Oubre Jr.",1610612766,"CHA",26,"6-6",78,203,"Kansas","USA","2015","1","15",76,15,4,1.1,-0.2,0.036,0.106,0.223,0.56,0.063
"340",340,202689,"Kemba Walker",1610612752,"NYK",31,"6-0",72,184,"Connecticut","USA","2011","1","9",37,11.6,3,3.5,-9.1,0.014,0.099,0.202,0.537,0.22
"341",341,1629026,"Kenrich Williams",1610612760,"OKC",27,"6-6",78,210,"TCU","USA","Undrafted","Undrafted","Undrafted",49,7.4,4.5,2.2,1.7,0.062,0.123,0.153,0.532,0.159
"342",342,203145,"Kent Bazemore",1610612747,"LAL",32,"6-4",76,195,"Old Dominion","USA","Undrafted","Undrafted","Undrafted",39,3.4,1.8,0.9,-8.9,0.022,0.097,0.128,0.451,0.085
"343",343,203484,"Kentavious Caldwell-Pope",1610612764,"WAS",29,"6-5",77,204,"Georgia","USA","2013","1","8",77,13.2,3.4,1.9,-4.7,0.018,0.093,0.185,0.568,0.09
"344",344,1630231,"Kenyon Martin Jr.",1610612745,"HOU",21,"6-5",77,215,"None","USA","2020","2","52",79,8.8,3.8,1.3,-6.9,0.047,0.131,0.158,0.603,0.091
"345",345,1630553,"Keon Johnson",1610612757,"POR",20,"6-4",76,185,"Tennessee","USA","2021","1","21",37,7.2,2.2,2.1,-19,0.031,0.083,0.207,0.453,0.174
"346",346,1630556,"Kessler Edwards",1610612751,"BKN",21,"6-7",79,203,"Pepperdine","USA","2021","2","44",48,5.9,3.6,0.6,-3.3,0.043,0.124,0.132,0.516,0.04
"347",347,201142,"Kevin Durant",1610612751,"BKN",33,"6-10",82,240,"Texas-Austin","USA","2007","1","2",55,29.9,7.4,6.4,6.5,0.015,0.166,0.31,0.634,0.274
"348",348,1628989,"Kevin Huerter",1610612737,"ATL",23,"6-7",79,198,"Maryland","USA","2018","1","19",74,12.1,3.4,2.7,3.8,0.014,0.098,0.169,0.57,0.125
"349",349,1628995,"Kevin Knox II",1610612737,"ATL",22,"6-7",79,215,"Kentucky","USA","2018","1","9",30,3.1,1.5,0.3,-15.1,0.055,0.127,0.187,0.491,0.077
"350",350,201567,"Kevin Love",1610612739,"CLE",33,"6-8",80,251,"UCLA","USA","2008","1","5",74,13.6,7.2,2.2,1.5,0.051,0.258,0.239,0.594,0.153
"351",351,1630698,"Kevin Pangos",1610612739,"CLE",29,"6-1",73,179,"Gonzaga","Canada","Undrafted","Undrafted","Undrafted",24,1.6,0.5,1.3,-12.1,0.012,0.057,0.143,0.408,0.246
"352",352,1629645,"Kevin Porter Jr.",1610612745,"HOU",21,"6-4",76,203,"Southern California","USA","2019","1","30",61,15.6,4.4,6.2,-6.7,0.022,0.111,0.239,0.531,0.302
"353",353,1626172,"Kevon Looney",1610612744,"GSW",26,"6-9",81,222,"UCLA","USA","2015","1","30",82,6,7.3,2,6,0.12,0.21,0.12,0.586,0.127
"354",354,203920,"Khem Birch",1610612761,"TOR",29,"6-9",81,233,"UNLV","Canada","Undrafted","Undrafted","Undrafted",55,4.5,4.3,1,-0.1,0.112,0.128,0.108,0.534,0.074
"355",355,203114,"Khris Middleton",1610612749,"MIL",30,"6-7",79,222,"Texas A&M","USA","2012","2","39",66,20.1,5.4,5.4,5.4,0.019,0.136,0.255,0.577,0.246
"356",356,1630165,"Killian Hayes",1610612765,"DET",20,"6-5",77,195,"None","France","2020","1","7",66,6.9,3.2,4.2,-10.3,0.02,0.108,0.154,0.461,0.243
"357",357,1629681,"Killian Tillie",1610612763,"MEM",24,"6-9",81,220,"Gonzaga","France","Undrafted","Undrafted","Undrafted",36,3.3,1.7,0.6,3.4,0.04,0.085,0.128,0.452,0.061
"358",358,1630184,"Kira Lewis Jr.",1610612740,"NOP",21,"6-1",73,170,"Alabama","USA","2020","1","13",24,5.9,1.6,2,-14.1,0.023,0.083,0.209,0.466,0.239
"359",359,202691,"Klay Thompson",1610612744,"GSW",32,"6-6",78,220,"Washington State","USA","2011","1","11",32,20.4,3.9,2.8,3.3,0.015,0.106,0.284,0.547,0.153
"360",360,1627739,"Kris Dunn",1610612757,"POR",28,"6-3",75,205,"Providence","USA","2016","1","5",14,7.6,3.5,5.6,-12,0.027,0.12,0.176,0.482,0.339
"361",361,204001,"Kristaps Porzingis",1610612764,"WAS",26,"7-3",87,240,"None","Latvia","2015","1","4",51,20.2,8.1,2.3,0.4,0.068,0.204,0.286,0.577,0.133
"362",362,203937,"Kyle Anderson",1610612763,"MEM",28,"6-9",81,230,"UCLA","USA","2014","1","30",69,7.6,5.3,2.7,2,0.041,0.196,0.156,0.506,0.162
"363",363,1629657,"Kyle Guy",1610612748,"MIA",24,"6-1",73,167,"Virginia","USA","2019","2","55",19,3.9,0.9,0.9,-13.6,0.02,0.069,0.182,0.526,0.149
"364",364,1628398,"Kyle Kuzma",1610612764,"WAS",26,"6-9",81,221,"Utah","USA","2017","1","27",66,17.1,8.5,3.5,-6.1,0.032,0.213,0.238,0.547,0.164
"365",365,200768,"Kyle Lowry",1610612748,"MIA",36,"6-0",72,196,"Villanova","USA","2006","1","24",63,13.4,4.5,7.5,5.9,0.016,0.116,0.178,0.6,0.321
"366",366,202681,"Kyrie Irving",1610612751,"BKN",30,"6-2",74,195,"Duke","Australia","2011","1","1",29,27.4,4.4,5.8,5.2,0.015,0.096,0.283,0.592,0.235
"367",367,200746,"LaMarcus Aldridge",1610612751,"BKN",36,"6-11",83,250,"Texas-Austin","USA","2006","1","2",47,12.9,5.5,0.9,0.1,0.071,0.16,0.219,0.604,0.062
"368",368,1630163,"LaMelo Ball",1610612766,"CHA",20,"6-7",79,180,"None","USA","2020","1","3",75,20.1,6.7,7.6,1.5,0.042,0.157,0.271,0.554,0.341
"369",369,1630205,"Lamar Stevens",1610612739,"CLE",24,"6-6",78,230,"Penn State","USA","Undrafted","Undrafted","Undrafted",63,6.1,2.6,0.7,-1.3,0.048,0.112,0.169,0.544,0.066
"370",370,202362,"Lance Stephenson",1610612754,"IND",31,"6-5",77,210,"Cincinnati","USA","2010","2","40",46,8.3,2.8,3.6,-7,0.014,0.149,0.219,0.536,0.298
"371",371,1629013,"Landry Shamet",1610612756,"PHX",25,"6-4",76,190,"Wichita State","USA","2018","1","26",69,8.3,1.8,1.6,4.9,0.01,0.072,0.16,0.55,0.104
"372",372,204038,"Langston Galloway",1610612749,"MIL",30,"6-1",73,200,"St. Joseph's (PA)","USA","Undrafted","Undrafted","Undrafted",7,2,2.6,1.7,-6.6,0.023,0.106,0.118,0.269,0.156
"373",373,1626204,"Larry Nance Jr.",1610612740,"NOP",29,"6-7",79,245,"Wyoming","USA","2015","1","27",46,7,5.4,1.8,-1.9,0.069,0.173,0.128,0.59,0.115
"374",374,1628374,"Lauri Markkanen",1610612739,"CLE",24,"6-11",83,240,"Arizona","Finland","2017","1","7",61,14.8,5.7,1.3,3.9,0.033,0.147,0.192,0.582,0.062
"375",375,2544,"LeBron James",1610612747,"LAL",37,"6-9",81,250,"None","USA","2003","1","1",56,30.3,8.2,6.2,-2.5,0.031,0.185,0.317,0.619,0.297
"376",376,1630195,"Leandro Bolmaro",1610612750,"MIN",21,"6-6",78,200,"None","Argentina","2020","1","23",35,1.4,1.2,0.6,0.2,0.062,0.107,0.122,0.419,0.118
"377",377,1629623,"Lindell Wigginton",1610612749,"MIL",24,"6-1",73,189,"Iowa State","Canada","2019",NA,NA,19,4.2,1.3,1.2,-11.8,0.015,0.106,0.183,0.524,0.167
"378",378,1630322,"Lindy Waters III",1610612760,"OKC",24,"6-6",78,215,"Oklahoma State","USA","Undrafted","Undrafted","Undrafted",25,8,2.9,1,-4.7,0.012,0.14,0.166,0.562,0.078
"379",379,1629022,"Lonnie Walker IV",1610612759,"SAS",23,"6-4",76,204,"Miami","USA","2018","1","18",70,12.1,2.6,2.2,-3,0.01,0.095,0.232,0.512,0.137
"380",380,1628366,"Lonzo Ball",1610612741,"CHI",24,"6-6",78,190,"UCLA","USA","2017","1","2",35,13,5.4,5.1,3.1,0.029,0.125,0.17,0.575,0.203
"381",381,101150,"Lou Williams",1610612737,"ATL",35,"6-2",74,175,"None","USA","2005","2","45",56,6.3,1.6,1.9,0.8,0.02,0.084,0.215,0.5,0.196
"382",382,1629663,"Louis King",1610612758,"SAC",23,"6-7",79,205,"Oregon","USA","Undrafted","Undrafted","Undrafted",10,4.5,1.2,0.9,-11.9,0,0.115,0.195,0.438,0.125
"383",383,1629652,"Luguentz Dort",1610612760,"OKC",23,"6-3",75,215,"Arizona State","Canada","Undrafted","Undrafted","Undrafted",51,17.2,4.2,1.7,-8.1,0.02,0.097,0.228,0.541,0.087
"384",384,1629029,"Luka Doncic",1610612742,"DAL",23,"6-7",79,230,"None","Slovenia","2018","1","3",65,28.4,9.1,8.7,3.5,0.025,0.23,0.368,0.571,0.458
"385",385,1630568,"Luka Garza",1610612765,"DET",23,"6-10",82,243,"Iowa","USA","2021","2","52",32,5.8,3.1,0.6,-6.3,0.13,0.116,0.195,0.535,0.086
"386",386,1628379,"Luke Kennard",1610612746,"LAC",25,"6-5",77,206,"Duke","USA","2017","1","12",70,11.9,3.3,2.1,3.4,0.01,0.1,0.16,0.619,0.111
"387",387,1628436,"Luke Kornet",1610612738,"BOS",26,"7-2",86,250,"Vanderbilt","USA","Undrafted","Undrafted","Undrafted",15,2,1.9,0.6,10.4,0.118,0.142,0.112,0.506,0.108
"388",388,1630640,"MJ Walker",1610612756,"PHX",24,"6-5",77,213,"Florida State","USA","Undrafted","Undrafted","Undrafted",2,0,0.5,0.5,-19.5,0,0.143,0.138,0,0.167
"389",389,1630644,"Mac McClung",1610612747,"LAL",23,"6-2",74,185,"Texas Tech","USA","Undrafted","Undrafted","Undrafted",2,4,1.5,0.5,19.2,0,0.107,0.164,0.621,0.059
"390",390,1630201,"Malachi Flynn",1610612761,"TOR",23,"6-1",73,175,"San Diego State","USA","2020","1","29",44,4.3,1.4,1.6,-2.6,0.016,0.097,0.157,0.488,0.185
"391",391,1627763,"Malcolm Brogdon",1610612754,"IND",29,"6-5",77,229,"Virginia","USA","2016","2","36",36,19.1,5.1,5.9,-0.4,0.026,0.121,0.241,0.557,0.271
"392",392,1630792,"Malcolm Hill",1610612741,"CHI",26,"6-6",78,220,"Illinois","USA","Undrafted","Undrafted","Undrafted",19,3.8,1.8,0.4,-7.3,0.051,0.118,0.118,0.619,0.05
"393",393,1627736,"Malik Beasley",1610612750,"MIN",25,"6-4",76,187,"Florida State","USA","2016","1","19",79,12.1,2.9,1.5,2,0.012,0.1,0.189,0.544,0.085
"394",394,1630238,"Malik Fitts",1610612738,"BOS",24,"6-5",77,230,"St. Mary's College","USA","Undrafted","Undrafted","Undrafted",15,1.4,1.1,0.3,-16.3,0.033,0.185,0.139,0.553,0.125
"395",395,1628370,"Malik Monk",1610612747,"LAL",24,"6-3",75,200,"Kentucky","USA","2017","1","11",76,13.8,3.4,2.9,0.3,0.017,0.099,0.195,0.597,0.144
"396",396,1629005,"Malik Newman",1610612739,"CLE",25,"6-3",75,190,"Kansas","USA","2018",NA,NA,1,8,1,1,8.3,0,0.1,0.438,0.68,1
"397",397,1629603,"Mamadi Diakite",1610612760,"OKC",25,"6-9",81,228,"Virginia","Guinea","Undrafted","Undrafted","Undrafted",13,4.3,4.5,0.2,-3.2,0.084,0.216,0.136,0.54,0.018
"398",398,1630585,"Marcus Garrett",1610612748,"MIA",23,"6-5",77,205,"Kansas","USA","Undrafted","Undrafted","Undrafted",12,1.1,1.9,0.6,5.8,0.072,0.108,0.086,0.28,0.069
"399",399,202694,"Marcus Morris Sr.",1610612746,"LAC",32,"6-8",80,218,"Kansas","USA","2011","1","14",54,15.4,4.4,2.1,-4.8,0.016,0.129,0.228,0.549,0.114
"400",400,203935,"Marcus Smart",1610612738,"BOS",28,"6-4",76,220,"Oklahoma State","USA","2014","1","6",71,12.1,3.8,5.9,9.3,0.018,0.093,0.179,0.54,0.245
"401",401,1628365,"Markelle Fultz",1610612753,"ORL",23,"6-4",76,209,"Washington","USA","2017","1","1",18,10.8,2.7,5.5,-5.3,0.01,0.116,0.265,0.517,0.448
"402",402,202693,"Markieff Morris",1610612748,"MIA",32,"6-9",81,245,"Kansas","USA","2011","1","13",17,7.6,2.6,1.4,4.5,0.059,0.089,0.197,0.547,0.116
"403",403,1630250,"Marko Simonovic",1610612741,"CHI",22,"6-11",83,220,"None","Montenegro","2020","2","44",9,1.9,1.1,0,1.2,0.122,0.119,0.247,0.428,0
"404",404,1630210,"Markus Howard",1610612743,"DEN",23,"5-10",70,175,"Marquette","USA","Undrafted","Undrafted","Undrafted",31,4.1,0.4,0.2,-4.9,0.01,0.064,0.264,0.567,0.068
"405",405,1627737,"Marquese Chriss",1610612742,"DAL",24,"6-9",81,240,"Washington","USA","2016","1","8",34,4.5,3,0.5,-2.1,0.096,0.197,0.205,0.518,0.079
"406",406,1628963,"Marvin Bagley III",1610612765,"DET",23,"6-11",83,235,"Duke","USA","2018","1","2",48,11.3,7,0.8,-5.6,0.084,0.2,0.191,0.551,0.049
"407",407,1630222,"Mason Jones",1610612747,"LAL",23,"6-4",76,200,"Arkansas","USA","Undrafted","Undrafted","Undrafted",4,6.8,2.5,1,22.8,0.02,0.148,0.18,0.625,0.129
"408",408,203486,"Mason Plumlee",1610612766,"CHA",32,"6-11",83,254,"Duke","USA","2013","1","22",73,6.5,7.7,3.1,0.9,0.091,0.205,0.117,0.603,0.165
"409",409,1629680,"Matisse Thybulle",1610612755,"PHI",25,"6-5",77,201,"Washington","USA","2019","1","20",66,5.7,2.3,1.1,3.8,0.026,0.064,0.095,0.594,0.063
"410",410,1629760,"Matt Mooney",1610612752,"NYK",27,"6-2",74,199,"Texas Tech","USA","Undrafted","Undrafted","Undrafted",1,0,0,0,-100,0,0,0.4,0,0
"411",411,1630346,"Matt Ryan",1610612738,"BOS",25,"6-7",79,215,"Tennessee-Chattanooga","USA","Undrafted","Undrafted","Undrafted",1,3,0,0,25,0,0,0.357,0.3,0
"412",412,1629744,"Matt Thomas",1610612741,"CHI",27,"6-3",75,190,"Iowa State","USA","Undrafted","Undrafted","Undrafted",40,4,1.3,0.5,1.1,0.007,0.096,0.137,0.564,0.059
"413",413,203090,"Maurice Harkless",1610612758,"SAC",28,"6-7",79,220,"St. John's","USA","2012","1","15",47,4.6,2.4,0.5,-4.2,0.014,0.114,0.112,0.561,0.035
"414",414,1629622,"Max Strus",1610612748,"MIA",26,"6-5",77,215,"DePaul","USA","Undrafted","Undrafted","Undrafted",68,10.6,3,1.4,5.6,0.016,0.112,0.177,0.614,0.086
"415",415,1628467,"Maxi Kleber",1610612742,"DAL",30,"6-10",82,240,"None","Germany","Undrafted","Undrafted","Undrafted",59,7,5.9,1.2,3.9,0.047,0.182,0.131,0.537,0.067
"416",416,1630593,"McKinley Wright IV",1610612750,"MIN",23,"5-11",71,192,"Colorado","USA","Undrafted","Undrafted","Undrafted",5,1,0,0.6,-25.8,0,0,0.082,0.833,0.231
"417",417,1628982,"Melvin Frazier Jr.",1610612760,"OKC",25,"6-5",77,215,"Tulane","USA","2018","2","35",3,10.7,4.3,0.3,-38.8,0.033,0.072,0.191,0.313,0.013
"418",418,1630695,"Micah Potter",1610612765,"DET",24,"6-10",82,248,"Wisconsin","USA","Undrafted","Undrafted","Undrafted",3,4,3,0,-56.4,0.095,0.125,0.148,0.505,0
"419",419,1629008,"Michael Porter Jr.",1610612743,"DEN",23,"6-10",82,218,"Missouri","USA","2018","1","14",9,9.9,6.6,1.9,9.8,0.035,0.172,0.192,0.416,0.085
"420",420,1628969,"Mikal Bridges",1610612756,"PHX",25,"6-6",78,209,"Villanova","USA","2018","1","10",82,14.2,4.2,2.3,9.8,0.027,0.089,0.149,0.627,0.084
"421",421,201144,"Mike Conley",1610612762,"UTA",34,"6-1",73,175,"Ohio State","USA","2007","1","4",72,13.7,3,5.3,7.7,0.023,0.079,0.202,0.572,0.281
"422",422,203488,"Mike Muscala",1610612760,"OKC",30,"6-10",82,240,"Bucknell","USA","2013","2","44",43,8,3,0.5,1.8,0.032,0.166,0.198,0.63,0.06
"423",423,1628970,"Miles Bridges",1610612766,"CHA",24,"6-7",79,225,"Michigan State","USA","2018","1","12",80,20.2,7,3.8,2.1,0.03,0.158,0.224,0.593,0.153
"424",424,1630540,"Miles McBride",1610612752,"NYK",21,"6-1",73,195,"West Virginia","USA","2021","2","36",40,2.2,1.1,1,13,0.011,0.097,0.137,0.393,0.159
"425",425,1629011,"Mitchell Robinson",1610612752,"NYK",24,"7-0",84,240,"Western Kentucky","USA","2018","2","36",72,8.5,8.6,0.5,-2.1,0.145,0.171,0.11,0.722,0.032
"426",426,1629671,"Miye Oni",1610612762,"UTA",24,"6-5",77,206,"Yale","USA","2019","2","58",16,0.3,0.4,0.3,-33.3,0.024,0.118,0.095,0.265,0.179
"427",427,1628964,"Mo Bamba",1610612753,"ORL",23,"7-0",84,231,"Texas-Austin","USA","2018","1","6",71,10.6,8.1,1.2,-9.6,0.077,0.214,0.17,0.582,0.073
"428",428,1628420,"Monte Morris",1610612743,"DEN",26,"6-2",74,183,"Iowa State","USA","2017","2","51",75,12.6,3,4.4,6,0.013,0.087,0.173,0.583,0.201
"429",429,1626149,"Montrezl Harrell",1610612766,"CHA",28,"6-7",79,240,"Louisville","USA","2015","2","32",71,13.1,6.1,2,3,0.092,0.163,0.198,0.68,0.139
"430",430,1629021,"Moritz Wagner",1610612753,"ORL",24,"6-11",83,245,"Michigan","Germany","2018","1","25",63,9,3.7,1.4,-7.2,0.041,0.19,0.224,0.623,0.151
"431",431,1629650,"Moses Brown",1610612739,"CLE",22,"7-2",86,245,"UCLA","USA","Undrafted","Undrafted","Undrafted",40,4.3,3.4,0,-6.2,0.11,0.257,0.199,0.612,0.005
"432",432,1630541,"Moses Moody",1610612744,"GSW",19,"6-5",77,211,"Arkansas","USA","2021","1","14",52,4.4,1.5,0.4,-4,0.028,0.098,0.148,0.573,0.056
"433",433,1630589,"Moses Wright",1610612742,"DAL",23,"6-8",80,226,"Georgia Tech","USA","Undrafted","Undrafted","Undrafted",4,1.3,0.8,0.5,-21.9,0.083,0.143,0.139,0.47,0.182
"434",434,1628539,"Mychal Mulder",1610612748,"MIA",27,"6-3",75,195,"Kentucky","Canada","Undrafted","Undrafted","Undrafted",17,4.1,1.4,0.3,-10.3,0.007,0.089,0.153,0.438,0.031
"435",435,1629619,"Myles Powell",1610612755,"PHI",24,"6-2",74,195,"Seton Hall","USA","Undrafted","Undrafted","Undrafted",11,1.2,0.5,0.3,-15.1,0.019,0.098,0.163,0.364,0.088
"436",436,1626167,"Myles Turner",1610612754,"IND",26,"6-11",83,250,"Texas-Austin","USA","2015","1","11",42,12.9,7.1,1,-0.3,0.052,0.188,0.173,0.615,0.053
"437",437,1630230,"Naji Marshall",1610612740,"NOP",24,"6-7",79,220,"Xavier","USA","Undrafted","Undrafted","Undrafted",55,5.7,2.6,1.1,-2.2,0.047,0.142,0.197,0.505,0.126
"438",438,1629642,"Nassir Little",1610612757,"POR",22,"6-5",77,220,"North Carolina","USA","2019","1","25",42,9.8,5.6,1.3,-0.9,0.052,0.158,0.155,0.575,0.074
"439",439,1630207,"Nate Hinton",1610612754,"IND",22,"6-5",77,210,"Houston","USA","Undrafted","Undrafted","Undrafted",2,0,0,0,76.2,0,0,0.25,0,0
"440",440,1630233,"Nathan Knight",1610612750,"MIN",24,"6-10",82,253,"William & Mary","USA","Undrafted","Undrafted","Undrafted",37,3.7,2.3,0.6,3.6,0.114,0.174,0.203,0.603,0.126
"441",441,1629675,"Naz Reid",1610612750,"MIN",22,"6-9",81,264,"Louisiana State","USA","Undrafted","Undrafted","Undrafted",77,8.3,3.9,0.9,-2.4,0.074,0.161,0.209,0.588,0.091
"442",442,1629674,"Neemias Queta",1610612758,"SAC",22,"7-0",84,248,"Utah State","Portugal","2021","2","39",15,3,2.1,0.4,-4.1,0.104,0.144,0.176,0.495,0.076
"443",443,202357,"Nemanja Bjelica",1610612744,"GSW",33,"6-9",81,234,"None","Serbia","2010","2","35",71,6.1,4.1,2.2,5.2,0.055,0.187,0.175,0.573,0.204
"444",444,203457,"Nerlens Noel",1610612752,"NYK",28,"6-11",83,220,"Kentucky","USA","2013","1","6",25,3.4,5.6,0.9,-5.7,0.084,0.161,0.072,0.581,0.06
"445",445,1629651,"Nic Claxton",1610612751,"BKN",23,"6-11",83,215,"Georgia","USA","2019","2","31",47,8.7,5.6,0.9,-0.4,0.098,0.157,0.15,0.672,0.066
"446",446,1630208,"Nick Richards",1610612766,"CHA",24,"7-0",84,245,"Kentucky","Jamaica","2020","2","42",50,3,1.7,0.3,-13,0.086,0.137,0.147,0.689,0.054
"447",447,1629638,"Nickeil Alexander-Walker",1610612762,"UTA",23,"6-5",77,205,"Virginia Tech","Canada","2019","1","17",65,10.6,2.9,2.4,-3.1,0.024,0.103,0.237,0.475,0.166
"448",448,201587,"Nicolas Batum",1610612746,"LAC",33,"6-8",80,230,"None","France","2008","1","25",59,8.3,4.3,1.7,-4.4,0.019,0.146,0.13,0.608,0.099
"449",449,203917,"Nik Stauskas",1610612738,"BOS",28,"6-6",78,207,"Michigan","Canada","2014","1","8",8,2.3,0.4,0.3,19.3,0.024,0.049,0.184,0.541,0.065
"450",450,203999,"Nikola Jokic",1610612743,"DEN",27,"6-11",83,284,"None","Serbia","2014","2","41",74,27.1,13.8,7.9,8.4,0.09,0.313,0.309,0.661,0.388
"451",451,202696,"Nikola Vucevic",1610612741,"CHI",31,"6-10",82,260,"Southern California","Montenegro","2011","1","16",73,17.6,11,3.2,-1.6,0.06,0.274,0.244,0.533,0.153
"452",452,1626181,"Norman Powell",1610612746,"LAC",28,"6-3",75,215,"UCLA","USA","2015","2","46",45,19,3.2,2.1,-8.1,0.013,0.089,0.231,0.603,0.106
"453",453,203658,"Norvel Pelle",1610612762,"UTA",29,"6-10",82,231,"Iona","USA","Undrafted","Undrafted","Undrafted",3,2,2,0,-54.2,0.15,0.158,0.152,0.6,0
"454",454,1628384,"OG Anunoby",1610612761,"TOR",24,"6-7",79,232,"Indiana","United Kingdom","2017","1","23",48,17.1,5.5,2.6,3.9,0.04,0.116,0.204,0.549,0.108
"455",455,1630167,"Obi Toppin",1610612752,"NYK",24,"6-9",81,220,"Dayton","USA","2020","1","8",72,9,3.7,1.1,6.9,0.056,0.155,0.205,0.614,0.105
"456",456,1630846,"Olivier Sarr",1610612760,"OKC",23,"7-0",84,240,"Kentucky","France","Undrafted","Undrafted","Undrafted",22,7,4.2,0.9,-2,0.078,0.133,0.136,0.672,0.066
"457",457,1630209,"Omer Yurtseven",1610612748,"MIA",23,"6-11",83,275,"Georgetown","Turkey","Undrafted","Undrafted","Undrafted",56,5.3,5.3,0.9,5.3,0.12,0.293,0.19,0.546,0.105
"458",458,1630168,"Onyeka Okongwu",1610612737,"ATL",21,"6-8",80,240,"Southern California","USA","2020","1","6",48,8.2,5.9,1.1,5.5,0.117,0.163,0.137,0.714,0.078
"459",459,1629052,"Oshae Brissett",1610612754,"IND",23,"6-7",79,210,"Syracuse","Canada","Undrafted","Undrafted","Undrafted",67,9.1,5.3,1.1,-6,0.065,0.165,0.166,0.53,0.064
"460",460,203490,"Otto Porter Jr.",1610612744,"GSW",28,"6-8",80,198,"Georgetown","USA","2013","1","3",63,8.2,5.7,1.5,6.8,0.06,0.189,0.145,0.581,0.097
"461",461,1628408,"P.J. Dozier",1610612743,"DEN",25,"6-6",78,205,"South Carolina","USA","Undrafted","Undrafted","Undrafted",18,5.4,3.5,1.6,-12.9,0.038,0.144,0.147,0.463,0.135
"462",462,200782,"P.J. Tucker",1610612748,"MIA",36,"6-5",77,245,"Texas-Austin","USA","2006","2","35",71,7.6,5.5,2.1,6.2,0.052,0.146,0.116,0.593,0.107
"463",463,1629023,"P.J. Washington",1610612766,"CHA",23,"6-7",79,230,"Kentucky","USA","2019","1","12",65,10.3,5.2,2.3,3.5,0.044,0.142,0.154,0.588,0.112
"464",464,1628238,"Paris Bass",1610612756,"PHX",26,"6-8",80,200,"Detroit Mercy","USA","Undrafted","Undrafted","Undrafted",2,3,2,0,0.7,0.2,0.222,0.36,0.436,0
"465",465,1627783,"Pascal Siakam",1610612761,"TOR",28,"6-8",80,230,"New Mexico State","Cameroon","2016","1","27",68,22.8,8.5,5.3,4.8,0.046,0.182,0.257,0.565,0.224
"466",466,1626192,"Pat Connaughton",1610612749,"MIL",29,"6-5",77,209,"Notre Dame","USA","2015","2","41",65,9.9,4.2,1.3,-0.7,0.025,0.13,0.137,0.62,0.067
"467",467,201976,"Patrick Beverley",1610612750,"MIN",33,"6-1",73,180,"Arkansas","USA","2009","2","42",58,9.2,4.1,4.6,3.7,0.038,0.119,0.158,0.539,0.249
"468",468,1630172,"Patrick Williams",1610612741,"CHI",20,"6-7",79,215,"Florida State","USA","2020","1","4",17,9,4.1,0.9,-5.5,0.04,0.132,0.139,0.637,0.051
"469",469,201988,"Patty Mills",1610612751,"BKN",33,"6-0",72,180,"St.Mary's College of California","Australia","2009","2","55",81,11.4,1.9,2.3,1.5,0.008,0.055,0.16,0.563,0.106
"470",470,202331,"Paul George",1610612746,"LAC",31,"6-8",80,220,"Fresno State","USA","2010","1","10",31,24.3,6.9,5.7,4.2,0.011,0.171,0.329,0.538,0.286
"471",471,200794,"Paul Millsap",1610612755,"PHI",37,"6-7",79,257,"Louisiana Tech","USA","2006","2","47",33,3.5,3.5,0.9,-3.5,0.096,0.182,0.158,0.458,0.121
"472",472,1630194,"Paul Reed",1610612755,"PHI",22,"6-9",81,210,"DePaul","USA","2020","2","58",38,3.1,2.4,0.4,-6.2,0.137,0.164,0.151,0.568,0.081
"473",473,1628778,"Paul Watson",1610612760,"OKC",27,"6-6",78,210,"Fresno State","USA","Undrafted","Undrafted","Undrafted",9,3.4,3,0.9,-17.9,0.016,0.145,0.106,0.432,0.074
"474",474,1630202,"Payton Pritchard",1610612738,"BOS",24,"6-1",73,195,"Oregon","USA","2020","1","26",71,6.2,1.9,2,2.2,0.031,0.093,0.18,0.578,0.222
"475",475,1627822,"Petr Cornelie",1610612743,"DEN",26,"6-11",83,220,"None","France","2016","2","53",13,1.1,1.1,0.2,5.8,0.159,0.219,0.208,0.418,0.115
"476",476,1630173,"Precious Achiuwa",1610612761,"TOR",22,"6-8",80,225,"Memphis","Nigeria","2020","1","20",73,9.1,6.5,1.1,1.9,0.075,0.188,0.18,0.503,0.072
"477",477,1629656,"Quentin Grimes",1610612752,"NYK",21,"6-4",76,210,"Houston","USA","2021","1","25",46,6,2,1,-3,0.028,0.085,0.149,0.565,0.095
"478",478,1629683,"Quinndary Weatherspoon",1610612744,"GSW",25,"6-3",75,205,"Mississippi State","USA","2019","2","49",11,2.7,1.3,0.5,-8.6,0.029,0.182,0.15,0.647,0.102
"479",479,1630181,"R.J. Hampton",1610612753,"ORL",21,"6-4",76,175,"None","USA","2020","1","24",64,7.6,3,2.5,-14.5,0.015,0.12,0.18,0.481,0.179
"480",480,1629628,"RJ Barrett",1610612752,"NYK",21,"6-6",78,214,"Duke","Canada","2019","1","3",70,20,5.8,3,-3.3,0.025,0.136,0.268,0.511,0.146
"481",481,1630612,"RJ Nembhard Jr.",1610612739,"CLE",23,"6-4",76,200,"TCU","USA","Undrafted","Undrafted","Undrafted",14,1.1,0.5,0.9,-8.4,0.042,0.056,0.16,0.38,0.343
"482",482,200765,"Rajon Rondo",1610612739,"CLE",36,"6-1",73,180,"Kentucky","USA","2006","1","21",39,4.8,2.8,4.4,-7.8,0.02,0.118,0.152,0.496,0.366
"483",483,203526,"Raul Neto",1610612764,"WAS",29,"6-2",74,180,"None","Brazil","2013","2","47",70,7.5,1.9,3.1,-3.3,0.01,0.089,0.18,0.538,0.228
"484",484,1629730,"Rayjon Tucker",1610612749,"MIL",24,"6-3",75,209,"Arkansas-Little Rock","USA","Undrafted","Undrafted","Undrafted",5,4.2,1.6,2,-2.7,0.051,0.076,0.075,0.869,0.172
"485",485,203493,"Reggie Bullock",1610612742,"DAL",31,"6-6",78,205,"North Carolina","USA","2013","1","25",68,8.6,3.5,1.2,6.6,0.017,0.106,0.128,0.558,0.06
"486",486,202704,"Reggie Jackson",1610612746,"LAC",32,"6-2",74,208,"Boston College","USA","2011","1","24",75,16.8,3.6,4.8,-1.3,0.016,0.092,0.273,0.488,0.245
"487",487,1629617,"Reggie Perry",1610612757,"POR",22,"6-8",80,250,"Mississippi State","USA","2020","2","57",10,9.2,4.7,1.2,-16.6,0.074,0.165,0.222,0.537,0.118
"488",488,1626158,"Richaun Holmes",1610612758,"SAC",28,"6-10",82,235,"Bowling Green","USA","2015","2","37",45,10.4,7,1.1,-5.8,0.082,0.198,0.153,0.689,0.068
"489",489,201937,"Ricky Rubio",1610612754,"IND",31,"6-2",74,190,"None","Spain","2009","1","5",34,13.1,4.1,6.6,9.1,0.015,0.122,0.234,0.488,0.348
"490",490,1630306,"Rob Edwards",1610612760,"OKC",25,"6-5",77,205,"Arizona State","USA","Undrafted","Undrafted","Undrafted",2,1.5,1.5,0,-59.1,0,0.214,0.227,0.375,0
"491",491,203496,"Robert Covington",1610612746,"LAC",31,"6-7",79,209,"Tennessee State","USA","Undrafted","Undrafted","Undrafted",71,8.5,5.5,1.3,0.6,0.03,0.167,0.134,0.572,0.066
"492",492,1629057,"Robert Williams III",1610612738,"BOS",24,"6-9",81,237,"Texas A&M","USA","2018","1","27",61,10,9.6,2,10,0.131,0.178,0.112,0.745,0.095
"493",493,1630218,"Robert Woodard II",1610612759,"SAS",22,"6-6",78,235,"Mississippi State","USA","2020","2","40",12,0.6,0.9,0.3,16.7,0.086,0.146,0.158,0.207,0.086
"494",494,201577,"Robin Lopez",1610612753,"ORL",34,"7-0",84,281,"Stanford","USA","2008","1","15",36,7.1,3.5,1.5,-6.4,0.098,0.089,0.182,0.57,0.142
"495",495,203918,"Rodney Hood",1610612746,"LAC",29,"6-8",80,208,"Duke","USA","2014","1","23",52,3.1,1.5,0.7,0.8,0.021,0.081,0.106,0.493,0.074
"496",496,203585,"Rodney McGruder",1610612765,"DET",30,"6-4",76,205,"Kansas State","USA","Undrafted","Undrafted","Undrafted",51,5.4,2.2,0.9,-3.7,0.037,0.104,0.142,0.577,0.094
"497",497,1629641,"Romeo Langford",1610612759,"SAS",22,"6-5",77,216,"Indiana","USA","2019","1","14",48,4.5,2.3,0.4,1,0.035,0.092,0.123,0.52,0.04
"498",498,1626220,"Royce O'Neale",1610612762,"UTA",28,"6-5",77,226,"Baylor","USA","Undrafted","Undrafted","Undrafted",77,7.4,4.8,2.5,5.3,0.027,0.12,0.098,0.608,0.104
"499",499,200752,"Rudy Gay",1610612762,"UTA",35,"6-8",80,250,"Connecticut","USA","2006","1","8",55,8.1,4.4,1,8.7,0.05,0.166,0.185,0.539,0.078
"500",500,203497,"Rudy Gobert",1610612762,"UTA",29,"7-1",85,258,"None","France","2013","1","27",66,15.6,14.7,1.1,9.6,0.114,0.312,0.166,0.732,0.052
"501",501,1629060,"Rui Hachimura",1610612764,"WAS",24,"6-8",80,230,"Gonzaga","Japan","2019","1","9",42,11.3,3.8,1.1,-7.1,0.027,0.143,0.205,0.579,0.08
"502",502,201566,"Russell Westbrook",1610612747,"LAL",33,"6-3",75,200,"UCLA","USA","2008","1","4",78,18.5,7.4,7.1,-4,0.039,0.165,0.264,0.512,0.311
"503",503,1627853,"Ryan Arcidiacono",1610612752,"NYK",28,"6-3",75,195,"Villanova","USA","Undrafted","Undrafted","Undrafted",10,1.6,0.8,0.4,-8.2,0,0.105,0.085,0.667,0.091
"504",504,1630240,"Saben Lee",1610612765,"DET",22,"6-2",74,183,"Vanderbilt","USA","2020","2","38",37,5.6,2.4,2.9,-5.7,0.026,0.113,0.169,0.499,0.274
"505",505,1630180,"Saddiq Bey",1610612765,"DET",23,"6-7",79,215,"Villanova","USA","2020","1","19",82,16.1,5.4,2.8,-9.3,0.035,0.125,0.209,0.529,0.138
"506",506,1626155,"Sam Dekker",1610612761,"TOR",27,"6-8",80,219,"Wisconsin","USA","2015","1","18",1,0,0,0,-250,0,0,0,0,0
"507",507,1630573,"Sam Hauser",1610612738,"BOS",24,"6-7",79,217,"Virginia","USA","Undrafted","Undrafted","Undrafted",26,2.5,1.1,0.4,-0.3,0.03,0.133,0.136,0.65,0.095
"508",508,1630241,"Sam Merrill",1610612763,"MEM",25,"6-4",76,205,"Utah State","USA","2020","2","60",6,4.2,1.2,0.7,-11.1,0.012,0.107,0.178,0.485,0.108
"509",509,1630572,"Sandro Mamukelashvili",1610612749,"MIL",22,"6-9",81,240,"Seton Hall","Georgia","2021","2","54",41,3.8,2,0.5,-17.6,0.079,0.116,0.142,0.618,0.084
"510",510,1630583,"Santi Aldama",1610612763,"MEM",21,"6-11",83,215,"Loyola-Maryland","Spain","2021","1","30",32,4.1,2.7,0.7,1.3,0.077,0.15,0.174,0.452,0.08
"511",511,1630567,"Scottie Barnes",1610612761,"TOR",20,"6-7",79,225,"Florida State","USA","2021","1","4",74,15.3,7.5,3.5,1.8,0.068,0.141,0.187,0.552,0.15
"512",512,1630575,"Scottie Lewis",1610612766,"CHA",22,"6-5",77,185,"Florida","USA","2021","2","56",2,0.5,0,0.5,-11.8,0,0,0.059,0.568,0.2
"513",513,203816,"Scotty Hopson",1610612760,"OKC",32,"6-7",79,204,"Tennessee","USA","2011","0","0",1,4,1,1,-18.4,0,0.043,0.143,0.5,0.091
"514",514,1629635,"Sekou Doumbouya",1610612747,"LAL",21,"6-9",81,230,"None","France","2019","1","15",2,7,3,0,67.8,0.111,0.182,0.286,0.717,0
"515",515,1628400,"Semi Ojeleye",1610612746,"LAC",27,"6-6",78,240,"Southern Methodist","USA","2017","2","37",30,3.3,2.5,0.3,-16.6,0.057,0.111,0.126,0.438,0.033
"516",516,201586,"Serge Ibaka",1610612749,"MIL",32,"6-10",82,235,"None","Republic of the Congo","2008","1","24",54,6.8,4.6,0.9,-3,0.07,0.197,0.172,0.579,0.084
"517",517,203552,"Seth Curry",1610612751,"BKN",31,"6-2",74,185,"Duke","USA","Undrafted","Undrafted","Undrafted",64,15,3.1,3.6,4.5,0.01,0.082,0.182,0.615,0.162
"518",518,1628983,"Shai Gilgeous-Alexander",1610612760,"OKC",23,"6-6",78,180,"Kentucky","Canada","2018","1","11",56,24.5,5,5.9,-6.4,0.017,0.114,0.298,0.557,0.293
"519",519,1629003,"Shake Milton",1610612755,"PHI",25,"6-5",77,205,"Southern Methodist","USA","2018","2","54",55,8.2,2.6,2.5,-1,0.025,0.094,0.174,0.517,0.178
"520",520,1629783,"Shaq Buchanan",1610612763,"MEM",25,"6-3",75,190,"Murray State","USA","Undrafted","Undrafted","Undrafted",2,1,1,1,-8.7,0.091,0.143,0.214,0.25,0.25
"521",521,1627885,"Shaquille Harrison",1610612751,"BKN",28,"6-4",76,195,"Tulsa","USA","Undrafted","Undrafted","Undrafted",2,2,2,1.5,-12.4,0.053,0.125,0.148,0.333,0.188
"522",522,1630536,"Sharife Cooper",1610612737,"ATL",20,"6-1",73,176,"Auburn","USA","2021","2","48",13,0.5,0.4,0.4,-43.9,0,0.147,0.202,0.25,0.313
"523",523,1630219,"Skylar Mays",1610612737,"ATL",24,"6-4",76,205,"Louisiana State","USA","2020","2","50",28,2.9,0.9,0.6,-12.9,0.022,0.091,0.149,0.589,0.12
"524",524,203524,"Solomon Hill",1610612737,"ATL",31,"6-6",78,226,"Arizona","USA","2013","1","23",13,0.6,1.8,0.9,14.3,0.043,0.115,0.064,0.2,0.117
"525",525,203915,"Spencer Dinwiddie",1610612742,"DAL",29,"6-6",78,215,"Colorado","USA","2014","2","38",67,13.7,4.2,5.2,-1,0.022,0.111,0.208,0.543,0.27
"526",526,1626169,"Stanley Johnson",1610612747,"LAL",25,"6-6",78,242,"Arizona","USA","2015","1","8",48,6.7,3.2,1.7,-1.1,0.032,0.109,0.125,0.564,0.094
"527",527,201939,"Stephen Curry",1610612744,"GSW",34,"6-2",74,185,"Davidson","USA","2009","1","7",64,25.5,5.2,6.3,10.7,0.015,0.126,0.293,0.601,0.286
"528",528,1628425,"Sterling Brown",1610612742,"DAL",27,"6-5",77,219,"Southern Methodist","USA","2017","2","46",49,3.3,3,0.7,2.3,0.039,0.187,0.124,0.495,0.078
"529",529,203500,"Steven Adams",1610612763,"MEM",28,"6-11",83,265,"Pittsburgh","New Zealand","2013","1","12",76,6.9,10,3.4,8.3,0.159,0.198,0.118,0.56,0.155
"530",530,1629004,"Svi Mykhailiuk",1610612761,"TOR",24,"6-7",79,205,"Kansas","Ukraine","2018","2","47",56,4.6,1.6,0.8,-5.9,0.024,0.101,0.161,0.509,0.094
"531",531,204456,"T.J. McConnell",1610612754,"IND",30,"6-1",73,190,"Arizona","USA","2015","0",NA,27,8.5,3.3,4.9,-5.5,0.029,0.11,0.157,0.525,0.287
"532",532,1629605,"Tacko Fall",1610612739,"CLE",26,"7-6",90,311,"Central Florida","Senegal","Undrafted","Undrafted","Undrafted",11,1.1,2.1,0.2,-0.8,0.115,0.271,0.124,0.398,0.048
"533",533,201959,"Taj Gibson",1610612752,"NYK",36,"6-9",81,232,"Southern California","USA","2009","1","26",52,4.4,4.4,0.6,3.3,0.088,0.139,0.099,0.606,0.05
"534",534,1629659,"Talen Horton-Tucker",1610612747,"LAL",21,"6-4",76,234,"Iowa State","USA","2019","2","46",60,10,3.2,2.7,-2.2,0.024,0.1,0.189,0.503,0.153
"535",535,1627752,"Taurean Prince",1610612750,"MIN",28,"6-6",78,218,"Baylor","USA","2016","1","12",69,7.3,2.5,1,0.7,0.021,0.12,0.166,0.589,0.08
"536",536,1629611,"Terance Mann",1610612746,"LAC",25,"6-5",77,215,"Florida State","USA","2019","2","48",81,10.8,5.2,2.6,1.5,0.044,0.127,0.157,0.572,0.131
"537",537,1629056,"Terence Davis",1610612758,"SAC",24,"6-4",76,201,"Mississippi","USA","Undrafted","Undrafted","Undrafted",30,10.4,3.1,1.3,4.4,0.019,0.138,0.244,0.543,0.107
"538",538,203082,"Terrence Ross",1610612753,"ORL",31,"6-6",78,206,"Washington","USA","2012","1","8",63,10,2.6,1.8,-11.9,0.013,0.094,0.196,0.515,0.127
"539",539,1626179,"Terry Rozier",1610612766,"CHA",28,"6-1",73,190,"Louisville","USA","2015","1","16",73,19.3,4.3,4.5,1.4,0.021,0.101,0.227,0.566,0.197
"540",540,1630678,"Terry Taylor",1610612754,"IND",22,"6-5",77,230,"Austin Peay","USA","Undrafted","Undrafted","Undrafted",33,9.6,5.2,1.2,-6.9,0.129,0.117,0.151,0.656,0.081
"541",541,201152,"Thaddeus Young",1610612761,"TOR",33,"6-8",80,235,"Georgia Tech","USA","2007","1","12",52,6.2,4,2,-0.2,0.088,0.152,0.169,0.548,0.177
"542",542,203648,"Thanasis Antetokounmpo",1610612749,"MIL",29,"6-6",78,219,"None","Greece","2014","2","51",48,3.6,2.1,0.5,-10.1,0.083,0.129,0.155,0.577,0.071
"543",543,1630177,"Theo Maledon",1610612760,"OKC",20,"6-4",76,175,"None","France","2020","2","34",51,7.1,2.6,2.2,-10.5,0.02,0.118,0.201,0.5,0.188
"544",544,1629033,"Theo Pinson",1610612742,"DAL",26,"6-5",77,212,"North Carolina","USA","Undrafted","Undrafted","Undrafted",19,2.5,1.1,0.9,-12.4,0.012,0.124,0.138,0.553,0.181
"545",545,1628418,"Thomas Bryant",1610612764,"WAS",24,"6-10",82,248,"Indiana","USA","2017","2","42",27,7.4,4,0.9,-9.1,0.06,0.187,0.188,0.607,0.083
"546",546,204025,"Tim Frazier",1610612739,"CLE",31,"6-0",72,170,"Penn State","USA","Undrafted","Undrafted","Undrafted",12,3.3,1.6,2.8,-17.5,0.024,0.066,0.137,0.398,0.254
"547",547,203501,"Tim Hardaway Jr.",1610612742,"DAL",30,"6-5",77,205,"Michigan","USA","2013","1","24",42,14.2,3.7,2.2,1.3,0.01,0.114,0.214,0.52,0.115
"548",548,1627789,"Timothe Luwawu-Cabarrot",1610612737,"ATL",26,"6-7",79,215,"None","France","2016","1","24",52,4.4,1.6,0.8,-3.5,0.024,0.094,0.135,0.556,0.08
"549",549,202699,"Tobias Harris",1610612755,"PHI",29,"6-7",79,226,"Tennessee","USA","2011","1","19",73,17.2,6.8,3.5,3.2,0.032,0.164,0.214,0.566,0.158
"550",550,203107,"Tomas Satoransky",1610612764,"WAS",30,"6-7",79,210,"None","Czech Republic","2012","2","32",55,3.6,2.3,3.3,-8,0.029,0.11,0.124,0.461,0.285
"551",551,1628396,"Tony Bradley",1610612741,"CHI",24,"6-10",82,248,"North Carolina","USA","2017","1","28",55,3,3.4,0.5,5.2,0.123,0.196,0.128,0.6,0.065
"552",552,203503,"Tony Snell",1610612740,"NOP",30,"6-6",78,213,"New Mexico","USA","2013","1","20",53,3.5,1.9,0.5,-7.8,0.018,0.107,0.099,0.541,0.047
"553",553,1628470,"Torrey Craig",1610612756,"PHX",31,"6-7",79,221,"South Carolina Upstate","USA","Undrafted","Undrafted","Undrafted",78,6.6,4,1.2,-5,0.05,0.137,0.139,0.556,0.082
"554",554,1629027,"Trae Young",1610612737,"ATL",23,"6-1",73,164,"Oklahoma","USA","2018","1","5",76,28.4,3.7,9.7,2.3,0.019,0.087,0.333,0.603,0.442
"555",555,1629309,"Trayvon Palmer",1610612765,"DET",27,"6-6",78,200,"Chicago State","USA","Undrafted","Undrafted","Undrafted",1,0,2,0,-33,0,0.133,0.053,0,0
"556",556,1630200,"Tre Jones",1610612759,"SAS",22,"6-1",73,185,"Duke","USA","2020","2","41",69,6,2.2,3.4,-0.5,0.024,0.103,0.151,0.545,0.28
"557",557,1630544,"Tre Mann",1610612760,"OKC",21,"6-3",75,178,"Florida","USA","2021","1","18",60,10.4,2.9,1.5,-10.3,0.017,0.101,0.213,0.501,0.108
"558",558,1629682,"Tremont Waters",1610612764,"WAS",24,"5-10",70,175,"Louisiana State","USA","2019","2","51",3,3.3,1.3,2.3,-17.1,0,0.077,0.15,0.357,0.179
"559",559,1630570,"Trendon Watford",1610612757,"POR",21,"6-8",80,237,"Louisiana State","USA","Undrafted","Undrafted","Undrafted",48,7.6,4.1,1.7,-17.9,0.06,0.163,0.169,0.59,0.152
"560",560,1630235,"Trent Forrest",1610612762,"UTA",23,"6-4",76,210,"Florida State","USA","Undrafted","Undrafted","Undrafted",60,3.3,1.7,1.8,4.5,0.031,0.093,0.124,0.554,0.188
"561",561,1630243,"Trevelin Queen",1610612745,"HOU",25,"6-6",78,190,"New Mexico State","USA","Undrafted","Undrafted","Undrafted",10,4.3,1.6,0.4,5.6,0.091,0.134,0.219,0.619,0.074
"562",562,1630286,"Trevon Scott",1610612739,"CLE",25,"6-8",80,225,"Cincinnati","USA","Undrafted","Undrafted","Undrafted",2,3,1,0,19.4,0.071,0.083,0.207,0.5,0
"563",563,2772,"Trevor Ariza",1610612747,"LAL",36,"6-8",80,215,"UCLA","USA","2004","2","43",24,4,3.4,1.1,-5.3,0.02,0.151,0.11,0.449,0.079
"564",564,203504,"Trey Burke",1610612742,"DAL",29,"6-0",72,185,"Michigan","USA","2013","1","9",42,5.1,0.8,1.4,-0.5,0.009,0.064,0.25,0.475,0.219
"565",565,1626168,"Trey Lyles",1610612758,"SAC",26,"6-9",81,234,"Kentucky","Canada","2015","1","12",75,10.5,5.1,1.2,-7.2,0.056,0.189,0.205,0.588,0.09
"566",566,1630530,"Trey Murphy III",1610612740,"NOP",21,"6-8",80,206,"Virginia","USA","2021","1","17",62,5.4,2.4,0.6,0.3,0.049,0.122,0.147,0.558,0.065
"567",567,202684,"Tristan Thompson",1610612741,"CHI",31,"6-9",81,254,"Texas-Austin","Canada","2011","1","4",57,6,5.1,0.6,-3.6,0.125,0.196,0.168,0.541,0.054
"568",568,1628972,"Troy Brown Jr.",1610612741,"CHI",22,"6-6",78,215,"Oregon","USA","2018","1","15",66,4.3,3.1,1,-2.3,0.038,0.154,0.118,0.525,0.082
"569",569,1629660,"Ty Jerome",1610612760,"OKC",24,"6-5",77,195,"Virginia","USA","2019","1","24",48,7.1,1.6,2.3,-1.5,0.021,0.072,0.205,0.488,0.229
"570",570,1629076,"Tyler Cook",1610612741,"CHI",24,"6-8",80,255,"Iowa","USA","Undrafted","Undrafted","Undrafted",20,3.4,2.7,0.2,-7.5,0.08,0.2,0.127,0.643,0.021
"571",571,1629788,"Tyler Hall",1610612752,"NYK",25,"6-5",77,209,"Montana State","USA","Undrafted","Undrafted","Undrafted",1,0,0,0,-100,0,0,0,0,0
"572",572,1629639,"Tyler Herro",1610612748,"MIA",22,"6-5",77,195,"Kentucky","USA","2019","1","13",66,20.7,5,4,5.3,0.015,0.133,0.278,0.561,0.205
"573",573,204020,"Tyler Johnson",1610612759,"SAS",29,"6-3",75,186,"Fresno State","USA","Undrafted","Undrafted","Undrafted",6,2.8,2,1.2,-1.9,0.029,0.1,0.1,0.425,0.1
"574",574,1630179,"Tyrell Terry",1610612763,"MEM",21,"6-2",74,160,"Stanford","USA","2020","2","31",2,1,0,0,-6.9,0,0,0.111,1,0
"575",575,1630169,"Tyrese Haliburton",1610612754,"IND",22,"6-5",77,185,"Iowa State","USA","2020","1","12",77,15.3,4,8.2,-6,0.022,0.093,0.184,0.595,0.335
"576",576,1630178,"Tyrese Maxey",1610612755,"PHI",21,"6-2",74,200,"Kentucky","USA","2020","1","21",75,17.5,3.2,4.3,3.6,0.01,0.08,0.199,0.594,0.191
"577",577,1627820,"Tyrone Wallace",1610612740,"NOP",27,"6-5",77,198,"California","USA","2016","2","60",6,2.8,1.3,0.2,-9.9,0,0.133,0.13,0.383,0.017
"578",578,1626145,"Tyus Jones",1610612763,"MEM",25,"6-0",72,196,"Duke","USA","2015","1","24",73,8.7,2.4,4.4,7.6,0.01,0.097,0.164,0.544,0.285
"579",579,1628962,"Udoka Azubuike",1610612762,"UTA",22,"7-0",84,270,"Kansas","Nigeria","2020","1","27",17,4.7,4.2,0,2,0.093,0.233,0.143,0.743,0
"580",580,2617,"Udonis Haslem",1610612748,"MIA",41,"6-8",80,235,"Florida","USA","Undrafted","Undrafted","Undrafted",13,2.5,1.9,0.3,-9.5,0.043,0.239,0.183,0.495,0.077
"581",581,1630586,"Usman Garuba",1610612745,"HOU",20,"6-8",80,229,"None","Spain","2021","1","23",24,2,3.5,0.7,7,0.083,0.263,0.091,0.51,0.084
"582",582,1630176,"Vernon Carey Jr.",1610612764,"WAS",21,"6-9",81,270,"Duke","USA","2020","2","32",7,2.9,1.7,0,-47.6,0.145,0.093,0.179,0.534,0
"583",583,203506,"Victor Oladipo",1610612748,"MIA",29,"6-4",76,213,"Indiana","USA","2013","1","2",8,12.4,2.9,3.5,-1.4,0.017,0.11,0.247,0.608,0.277
"584",584,1630249,"Vit Krejci",1610612760,"OKC",21,"6-8",80,195,"None","Czech Republic","2020","2","37",30,6.2,3.4,1.9,-12.8,0.024,0.121,0.125,0.529,0.117
"585",585,1628427,"Vlatko Cancar",1610612743,"DEN",25,"6-8",80,236,"None","Slovenia","2017","2","49",15,4.1,2.1,1.1,0.8,0.041,0.133,0.131,0.657,0.139
"586",586,201961,"Wayne Ellington",1610612747,"LAL",34,"6-4",76,207,"North Carolina","USA","2009","1","28",43,6.7,1.8,0.7,-3.8,0.012,0.078,0.135,0.593,0.055
"587",587,1627782,"Wayne Selden",1610612752,"NYK",27,"6-4",76,232,"Kansas","USA","2016",NA,NA,3,1.7,0.3,0.3,-34.5,0,0.053,0.136,0.434,0.091
"588",588,1628976,"Wendell Carter Jr.",1610612753,"ORL",23,"6-10",82,270,"Duke","USA","2018","1","7",62,15,10.5,2.8,-3.7,0.074,0.26,0.206,0.601,0.15
"589",589,1629117,"Wenyen Gabriel",1610612747,"LAL",25,"6-9",81,205,"Kentucky","South Sudan","Undrafted","Undrafted","Undrafted",26,5.4,3.7,0.5,6.7,0.105,0.151,0.165,0.549,0.053
"590",590,1628411,"Wes Iwundu",1610612737,"ATL",27,"6-6",78,195,"Kansas State","USA","2017","2","33",3,7.3,4.3,0,-1.4,0.036,0.143,0.111,0.557,0
"591",591,202083,"Wesley Matthews",1610612749,"MIL",35,"6-4",76,220,"Marquette","USA","Undrafted","Undrafted","Undrafted",49,5.1,1.9,0.7,6.7,0.029,0.056,0.104,0.536,0.047
"592",592,203115,"Will Barton",1610612743,"DEN",31,"6-5",77,181,"Memphis","USA","2012","2","40",71,14.7,4.8,3.9,2,0.02,0.128,0.205,0.548,0.171
"593",593,1626161,"Willie Cauley-Stein",1610612755,"PHI",28,"7-0",84,240,"Kentucky","USA","2015","1","6",20,1.7,2,0.5,7.2,0.064,0.144,0.099,0.474,0.074
"594",594,1626195,"Willy Hernangomez",1610612740,"NOP",27,"6-11",83,250,"None","Spain","2015","2","35",50,9.1,6.8,1.3,-1.6,0.153,0.24,0.211,0.582,0.113
"595",595,1629875,"Xavier Moon",1610612746,"LAC",27,"6-2",74,165,"Morehead State","USA","Undrafted","Undrafted","Undrafted",10,5.8,1.4,2.4,1.4,0.014,0.072,0.177,0.545,0.245
"596",596,1630270,"Xavier Sneed",1610612762,"UTA",24,"6-5",77,215,"Kansas State","USA","Undrafted","Undrafted","Undrafted",9,0.6,0.7,0.1,-3.8,0.041,0.111,0.109,0.25,0.036
"597",597,1630214,"Xavier Tillman",1610612763,"MEM",23,"6-8",80,245,"Michigan State","USA","2020","2","35",53,4.8,3,1.2,-1.4,0.084,0.138,0.164,0.51,0.127
"598",598,1629139,"Yuta Watanabe",1610612761,"TOR",27,"6-9",81,215,"George Washington","Japan","Undrafted","Undrafted","Undrafted",38,4.3,2.4,0.6,-3.9,0.035,0.158,0.161,0.524,0.067
"599",599,1630582,"Yves Pons",1610612763,"MEM",22,"6-5",77,206,"Tennessee","France","Undrafted","Undrafted","Undrafted",12,1.1,1,0.1,-21.3,0.055,0.082,0.096,0.385,0.024
"600",600,1628380,"Zach Collins",1610612759,"SAS",24,"6-11",83,250,"Gonzaga","USA","2017","1","10",28,7.8,5.5,2.2,3.1,0.085,0.197,0.184,0.594,0.17
"601",601,203897,"Zach LaVine",1610612741,"CHI",27,"6-5",77,200,"UCLA","USA","2014","1","13",67,24.4,4.6,4.5,-0.9,0.01,0.121,0.284,0.605,0.207
"602",602,1630285,"Zavier Simpson",1610612760,"OKC",25,"6-0",72,190,"Michigan","USA","Undrafted","Undrafted","Undrafted",4,11,5.3,7.5,-26.5,0.01,0.114,0.158,0.406,0.25
"603",603,1630192,"Zeke Nnaji",1610612743,"DEN",21,"6-9",81,240,"Arizona","USA","2020","1","22",41,6.6,3.6,0.4,-3.2,0.077,0.141,0.146,0.629,0.037
"604",604,1630533,"Ziaire Williams",1610612763,"MEM",20,"6-9",81,185,"Stanford","USA","2021","1","10",62,8.1,2.1,1,4.2,0.017,0.071,0.144,0.559,0.062
"605",605,1629597,"Zylan Cheatham",1610612762,"UTA",26,"6-5",77,220,"Arizona State","USA","Undrafted","Undrafted","Undrafted",1,0,0,0,-106.8,0,0,0.25,0,0
