"","rk","player_name","pos","age","tm","g","gs","mp","fg","fga","fg_2","x3p","x3pa","x3p_2","x2p","x2pa","x2p_2","ft","fta","ft_2","orb","drb","trb","ast","stl","blk","tov","pf","pts"
"1",1,"Precious Achiuwa","C",22,"TOR",73,28,1725,5.5,12.6,0.439,1.2,3.3,0.359,4.4,9.3,0.468,1.6,2.7,0.595,3,6.8,9.9,1.7,0.8,0.9,1.8,3.2,13.9
"2",2,"Steven Adams","C",28,"MEM",76,75,1999,3.8,6.9,0.547,0,0,0,3.8,6.9,0.548,1.9,3.6,0.543,6.3,7.4,13.7,4.6,1.2,1.1,2.1,2.8,9.5
"3",3,"Bam Adebayo","C",24,"MIA",56,56,1825,8,14.4,0.557,0,0.1,0,8,14.3,0.562,5,6.7,0.753,2.7,8.4,11.1,3.7,1.6,0.9,2.9,3.4,21.1
"4",4,"Santi Aldama","PF",21,"MEM",32,0,360,5.3,13.2,0.402,0.6,4.8,0.125,4.7,8.4,0.56,2,3.2,0.625,3.3,5.4,8.7,2.1,0.6,1,1.6,3.6,13.2
"5",5,"LaMarcus Aldridge","C",36,"BRK",47,12,1050,8.6,15.7,0.55,0.5,1.6,0.304,8.2,14.1,0.578,3.1,3.5,0.873,2.5,6.3,8.8,1.4,0.5,1.6,1.5,2.7,20.8
"6",6,"Nickeil Alexander-Walker","SG",23,"TOT",65,21,1466,6.2,16.7,0.372,2.6,8.3,0.311,3.6,8.4,0.433,2,2.7,0.743,0.9,3.7,4.6,3.8,1.1,0.6,2.3,2.5,17
"7",6,"Nickeil Alexander-Walker","SG",23,"NOP",50,19,1317,6.5,17.3,0.375,2.6,8.3,0.311,3.9,8.9,0.434,1.9,2.7,0.722,1,3.5,4.5,3.8,1.1,0.5,2.3,2.4,17.5
"8",6,"Nickeil Alexander-Walker","SG",23,"UTA",15,2,149,3.9,11.6,0.333,2.4,8,0.303,1.4,3.6,0.4,2.7,2.9,0.917,0.2,5.3,5.6,4.1,1.2,1,1.9,3.6,12.8
"9",7,"Grayson Allen","SG",26,"MIL",66,61,1805,5.1,11.3,0.448,3.2,7.8,0.409,1.9,3.6,0.533,1.3,1.5,0.865,0.6,3.8,4.4,2,0.9,0.4,0.9,1.9,14.6
"10",8,"Jarrett Allen","C",23,"CLE",56,56,1809,7.3,10.8,0.677,0,0.2,0.1,7.3,10.6,0.688,3.3,4.6,0.708,3.8,8.2,12,1.8,0.9,1.5,1.9,1.9,18
"11",9,"Jose Alvarado","PG",23,"NOP",54,1,834,5.7,12.7,0.446,1.4,4.7,0.291,4.3,7.9,0.538,1.6,2.3,0.679,1.1,3.2,4.3,6.6,3.1,0.3,1.7,3.2,14.2
"12",10,"Justin Anderson","SF",28,"TOT",16,6,316,4.1,10.8,0.379,1.7,6.7,0.254,2.4,4.1,0.583,1.7,2.2,0.789,0.5,4.8,5.2,3.8,0.9,0.7,0.9,2.5,11.6
"13",10,"Justin Anderson","SF",28,"CLE",3,0,47,3.1,6.1,0.5,1.5,4.6,0.333,1.5,1.5,1,2.3,3.1,0.75,0,4.6,4.6,4.6,0.8,0,1.5,3.1,10
"14",10,"Justin Anderson","SF",28,"IND",13,6,269,4.3,11.6,0.368,1.7,7.1,0.245,2.5,4.6,0.559,1.6,2,0.8,0.5,4.8,5.4,3.6,0.9,0.8,0.8,2.4,11.9
"15",11,"Kyle Anderson","PF",28,"MEM",69,11,1484,5.1,11.4,0.446,0.9,2.6,0.33,4.2,8.7,0.481,1.6,2.5,0.638,1.7,7.3,8.9,4.4,1.9,1.1,1.7,2.6,12.6
"16",12,"Giannis Antetokounmpo","PF",27,"MIL",67,67,2204,11.3,20.3,0.553,1.2,4,0.293,10.1,16.4,0.616,9,12.5,0.722,2.2,10.5,12.7,6.3,1.2,1.5,3.6,3.5,32.7
"17",13,"Thanasis Antetokounmpo","SF",29,"MIL",48,6,473,5.3,9.7,0.547,0.2,1.1,0.143,5.2,8.7,0.596,2.2,3.5,0.63,3,4.6,7.7,1.7,1.2,0.9,2,5.2,13
"18",14,"Carmelo Anthony","PF",37,"LAL",69,3,1793,6.4,14.5,0.441,3,8,0.375,3.4,6.5,0.521,2.7,3.2,0.83,1.2,4.5,5.8,1.4,0.9,1,1.2,3.3,18.5
"19",15,"Cole Anthony","PG",21,"ORL",65,65,2059,6.2,15.9,0.391,2.3,6.8,0.338,3.9,9.1,0.432,3.8,4.4,0.854,0.6,5.5,6.1,6.5,0.8,0.3,3,3,18.6
"20",16,"OG Anunoby","SF",24,"TOR",48,48,1728,6.4,14.5,0.443,2.4,6.6,0.363,4,7.9,0.511,1.9,2.5,0.754,1.5,4,5.5,2.6,1.5,0.5,1.7,2.7,17.1
"21",17,"Ryan Arcidiacono","PG",27,"NYK",10,0,76,2.8,5.7,0.5,1.9,4.3,0.444,0.9,1.4,0.667,0,0,NA,0,3.8,3.8,1.9,0.5,0,1.4,2.4,7.6
"22",18,"Trevor Ariza","SF",36,"LAL",24,11,462,2.6,7.7,0.333,1.6,5.8,0.27,1,1.9,0.52,0.8,1.4,0.556,0.8,5.6,6.4,2.1,1,0.5,0.9,1.6,7.5
"23",19,"D.J. Augustin","PG",34,"TOT",55,2,883,3.8,9.1,0.423,2.8,6.7,0.415,1.1,2.4,0.448,1.5,1.8,0.884,0.4,2.3,2.8,4.4,0.7,0,2.3,1.6,12
"24",19,"D.J. Augustin","PG",34,"HOU",34,2,510,3.9,9.6,0.404,2.8,6.8,0.406,1.1,2.8,0.4,2.3,2.7,0.868,0.5,2.4,2.9,5.2,0.7,0,3.2,1.2,12.8
"25",19,"D.J. Augustin","PG",34,"LAL",21,0,373,3.8,8.3,0.453,2.8,6.6,0.426,1,1.7,0.556,0.5,0.5,1,0.4,2.2,2.6,3.2,0.7,0.1,1.1,2.1,10.8
"26",20,"Deni Avdija","SF",21,"WAS",82,8,1984,4.5,10.5,0.432,1.5,4.7,0.317,3,5.8,0.525,1.9,2.5,0.757,0.9,6.8,7.7,3,1.1,0.8,1.6,3.4,12.4
"27",21,"Joel Ayayi","SG",21,"WAS",7,0,20,1.8,10.8,0.167,0,1.8,0,1.8,9,0.2,0,0,NA,1.8,3.6,5.4,7.2,0,0,0,0,3.6
"28",22,"Deandre Ayton","C",23,"PHO",58,58,1713,9.3,14.6,0.634,0.1,0.4,0.368,9.1,14.2,0.642,2.2,3,0.746,3.1,9.3,12.5,1.8,0.8,0.8,1.9,3,21
"29",23,"Udoka Azubuike","C",22,"UTA",17,6,195,6.8,9,0.755,0,0,NA,6.8,9,0.755,1.1,2,0.545,3.3,9.8,13.1,0,0.2,2,2.2,4.6,14.8
"30",24,"Marvin Bagley III","PF",22,"TOT",48,25,1146,7.1,14,0.504,0.7,3,0.237,6.3,11,0.579,2.1,3.2,0.663,3.3,7.3,10.6,1.1,0.7,0.6,1.2,2.9,17
"31",24,"Marvin Bagley III","PF",22,"SAC",30,17,656,6.3,13.5,0.463,0.8,3.4,0.242,5.4,10.1,0.538,1.9,2.6,0.745,3.7,8.1,11.8,0.9,0.5,0.6,1.2,2.7,15.3
"32",24,"Marvin Bagley III","PF",22,"DET",18,8,490,8.2,14.7,0.555,0.6,2.6,0.229,7.6,12.1,0.624,2.4,4,0.593,2.8,6.2,9,1.4,1,0.5,1.3,3.2,19.2
"33",25,"LaMelo Ball","PG",20,"CHO",75,75,2422,8,18.6,0.429,3.3,8.4,0.389,4.7,10.2,0.462,3.2,3.6,0.872,1.6,5.8,7.4,8.5,1.8,0.4,3.6,3.5,22.4
"34",26,"Lonzo Ball","PG",24,"CHI",35,35,1212,4.8,11.4,0.423,3.3,7.7,0.423,1.5,3.7,0.423,0.6,0.8,0.75,1,4.6,5.6,5.3,1.9,0.9,2.4,2.5,13.5
"35",27,"Mo Bamba","C",23,"ORL",71,69,1824,5.8,12.2,0.48,2.1,5.5,0.381,3.7,6.6,0.563,1.1,1.4,0.781,2.9,8.4,11.3,1.7,0.7,2.3,1.5,3.6,14.9
"36",28,"Desmond Bane","SF",23,"MEM",76,76,2266,8.1,17.5,0.461,3.6,8.3,0.436,4.4,9.2,0.484,2.2,2.5,0.903,0.7,4.6,5.3,3.3,1.5,0.5,1.8,3.1,22
"37",29,"Dalano Banton","SF",22,"TOR",64,1,696,4.3,10.4,0.411,0.7,2.6,0.255,3.6,7.8,0.464,1.3,2.3,0.591,2,4.4,6.4,5.1,1.4,0.5,2.7,3.5,10.6
"38",30,"Cat Barber","PG",27,"ATL",3,0,13,0,11.1,0,0,0,NA,0,11.1,0,0,11.1,0,2.8,5.5,8.3,8.3,0,0,2.8,2.8,0
"39",31,"Harrison Barnes","PF",29,"SAC",77,77,2587,5.4,11.6,0.469,2,5,0.394,3.5,6.6,0.525,4.7,5.7,0.826,1.1,4.9,6,2.6,0.7,0.2,1.6,1.3,17.6
"40",32,"Scottie Barnes","PF",20,"TOR",74,74,2617,6.3,12.8,0.492,0.8,2.7,0.301,5.5,10.2,0.543,2.2,3,0.735,2.7,5,7.7,3.5,1.1,0.8,1.9,2.6,15.6
"41",33,"RJ Barrett","SF",21,"NYK",70,70,2417,7.3,17.8,0.408,2.1,6,0.342,5.2,11.8,0.442,4.3,6,0.714,1,5.1,6.1,3.1,0.6,0.2,2.2,2.1,20.9
"42",34,"Will Barton","SG",31,"DEN",71,71,2277,6.2,14.2,0.438,2.5,6.8,0.365,3.7,7.4,0.504,1.6,2,0.803,0.7,4.7,5.4,4.4,0.9,0.5,2,1.8,16.5
"43",35,"Paris Bass","SF",26,"PHO",2,0,7,10.3,30.9,0.333,0,10.3,0,10.3,20.6,0.5,10.3,10.3,1,10.3,10.3,20.6,0,5.1,0,10.3,10.3,30.9
"44",36,"Charles Bassey","PF",21,"PHI",23,0,168,6.4,10.1,0.638,0,0.9,0,6.4,9.2,0.698,1.9,2.6,0.75,4.7,8.6,13.3,1.5,1.1,3.6,1.7,6.9,14.8
"45",37,"Keita Bates-Diop","SF",26,"SAS",59,14,956,5.1,9.9,0.517,0.6,2.1,0.309,4.5,7.8,0.572,1.7,2.3,0.754,2.3,6.4,8.7,1.5,1,0.5,1.7,2.3,12.6
"46",38,"Nicolas Batum","PF",33,"LAC",59,54,1462,4.4,9.5,0.463,2.7,6.6,0.4,1.7,2.9,0.607,0.6,0.9,0.658,0.7,5.5,6.3,2.5,1.4,1,1,2,12.1
"47",39,"Kent Bazemore","SF",32,"LAL",39,14,545,3,9.2,0.324,1.9,5.3,0.363,1.1,3.9,0.271,0.9,1.1,0.765,0.9,3.7,4.6,2.2,1.7,0.6,1.4,4.6,8.7
"48",40,"Darius Bazley","PF",21,"OKC",69,53,1924,5.1,12.1,0.422,1.5,5,0.297,3.6,7.1,0.511,2.2,3.2,0.688,1.3,6.8,8.2,1.8,1.1,1.3,1.7,1.3,13.9
"49",41,"Bradley Beal","SG",28,"WAS",40,40,1439,8.7,19.3,0.451,1.6,5.3,0.3,7.1,14,0.508,4.2,5.1,0.833,1,3.8,4.7,6.6,0.9,0.4,3.4,2.4,23.2
"50",42,"Malik Beasley","SG",25,"MIN",79,18,1976,6,15.5,0.391,4.4,11.6,0.377,1.7,3.9,0.432,0.9,1.1,0.817,0.5,3.7,4.1,2.1,0.8,0.2,0.8,1.6,17.4
"51",43,"Jordan Bell","C",27,"CHI",1,0,2,0,0,NA,0,0,NA,0,0,NA,0,0,NA,18,0,18,0,18,0,0,36,0
"52",44,"DeAndre Bembry","SF",27,"BRK",48,20,949,4.6,8.1,0.568,0.6,1.4,0.417,4,6.7,0.599,0.8,1.3,0.6,1.4,4.3,5.8,2.3,1.8,0.9,1.1,3.9,10.5
"53",44,"DeAndre Bembry","PG",24,"SAC",59,59,2083,8.9,18.9,0.473,1.3,4.3,0.297,7.6,14.6,0.524,4.5,6,0.75,0.4,3.6,4,5.7,1.2,0.4,2.9,3,23.6
"54",176,"Melvin Frazier","SG",25,"OKC",3,0,120,3.9,14.4,0.271,0.3,6.3,0.048,3.6,8.1,0.444,1.5,2.1,0.714,1.5,2.4,3.9,0.3,0.3,0,0.9,2.4,9.6
"55",177,"Tim Frazier","PG",31,"TOT",12,3,208,2.4,7.8,0.311,1,2.9,0.353,1.4,4.8,0.286,0.9,1.6,0.556,0.9,2.4,3.3,5.9,0.5,0.2,2.6,4.7,6.8
"56",177,"Tim Frazier","PG",31,"ORL",10,3,200,2.3,7.7,0.302,1.1,3.1,0.353,1.3,4.7,0.269,0.9,1.6,0.556,0.9,2.5,3.4,5.9,0.5,0.2,2.3,4.3,6.7
"57",177,"Tim Frazier","PG",31,"CLE",2,0,8,4.5,9,0.5,0,0,NA,4.5,9,0.5,0,0,NA,0,0,0,4.5,0,0,9,13.5,9
"58",178,"Enes Freedom","C",29,"BOS",35,1,411,4.5,8.5,0.526,0.2,0.4,0.4,4.3,8.1,0.533,2.1,2.5,0.857,5.3,8.7,14,0.7,0.4,1.2,1.8,3.7,11.2
"59",179,"Markelle Fultz","PG",23,"ORL",18,3,360,8.3,17.5,0.474,0.4,1.7,0.235,7.9,15.8,0.5,2.5,3.1,0.806,0.4,4.5,4.9,9.9,2,0.5,4,2.2,19.5
"60",180,"Wenyen Gabriel","PF",24,"TOT",26,5,358,5.4,11.1,0.491,0.8,2.8,0.286,4.6,8.2,0.561,2.5,4.2,0.595,3.9,5.8,9.8,1.4,0.5,1.1,1.6,6.8,14.2
"61",180,"Wenyen Gabriel","PF",24,"BRK",1,0,1,0,0,NA,0,0,NA,0,0,NA,0,0,NA,0,36,36,0,0,0,0,0,0
"62",180,"Wenyen Gabriel","PF",24,"LAC",6,0,46,3.9,10.2,0.385,1.6,3.9,0.4,2.3,6.3,0.375,1.6,3.1,0.5,3.9,7,11,1.6,0.8,1.6,2.3,8.6,11
"63",180,"Wenyen Gabriel","PF",24,"LAL",19,5,311,5.7,11.2,0.505,0.7,2.7,0.261,5,8.6,0.581,2.7,4.4,0.605,3.9,5.6,9.5,1.4,0.5,1,1.5,6.6,14.7
"64",181,"Daniel Gafford","C",23,"WAS",72,53,1444,7.1,10.2,0.693,0,0,0,7.1,10.2,0.695,2.7,3.8,0.699,3.9,6.3,10.1,1.7,0.7,2.5,1.6,4.2,16.9
"65",182,"Danilo Gallinari","PF",33,"ATL",66,18,1672,5.6,12.9,0.434,2.4,6.3,0.381,3.2,6.5,0.485,3,3.4,0.904,0.8,5.9,6.6,2.2,0.6,0.3,0.8,2,16.6
"66",183,"Langston Galloway","SG",30,"TOT",7,0,107,2,8.7,0.231,0.7,5.4,0.125,1.3,3.4,0.4,0,0,NA,1,5,6.1,4,0.3,0,2,2.4,4.7
"67",183,"Langston Galloway","SG",30,"BRK",4,0,58,3.1,8.1,0.385,1.2,5,0.25,1.9,3.1,0.6,0,0,NA,0.6,4.3,5,3.1,0,0,3.1,3.1,7.4
"68",183,"Langston Galloway","SG",30,"MIL",3,0,49,0.7,9.6,0.077,0,5.9,0,0.7,3.7,0.2,0,0,NA,1.5,5.9,7.3,5.1,0.7,0,0.7,1.5,1.5
"69",184,"Darius Garland","PG",22,"CLE",68,68,2430,8,17.4,0.462,2.6,6.7,0.383,5.5,10.7,0.512,3.2,3.6,0.892,0.6,2.7,3.3,8.6,1.3,0.1,3.7,1.7,21.8
"70",185,"Marcus Garrett","SG",23,"MIA",12,0,128,1.4,5.9,0.238,0.3,1.1,0.25,1.1,4.8,0.235,0.6,1.4,0.4,2.5,3.9,6.5,2,1.4,0.8,0.6,4.5,3.7
"71",186,"Usman Garuba","PF",19,"HOU",24,2,239,2.9,6.6,0.432,0.8,3,0.25,2.1,3.6,0.583,0.8,1.1,0.714,3.2,9.3,12.5,2.6,1.5,1.7,0.9,4.2,7.2
"72",187,"Luka Garza","C",23,"DET",32,5,389,6.1,13.6,0.449,1.5,4.5,0.327,4.6,9.1,0.51,3.5,5.6,0.623,5.4,3.9,9.3,1.9,0.8,0.6,1.7,5.1,17.2
"73",188,"Rudy Gay","PF",35,"UTA",55,1,1038,5.4,13.1,0.414,2.4,7,0.345,3,6.1,0.494,2.2,2.7,0.785,1.9,6.5,8.4,1.9,0.9,0.7,1.6,3.3,15.5
"74",189,"Paul George","SF",31,"LAC",31,31,1077,9,21.3,0.421,3,8.6,0.354,5.9,12.7,0.467,4.2,4.9,0.858,0.4,6.7,7.1,5.9,2.2,0.4,4.2,2.5,25.2
"75",190,"Taj Gibson","C",36,"NYK",52,4,946,3.3,6.3,0.518,0.6,1.4,0.395,2.7,4.9,0.555,1.6,2,0.808,3.3,5.4,8.7,1.2,0.8,1.5,1,5.2,8.7
"76",191,"Josh Giddey","SG",19,"OKC",54,54,1700,6,14.2,0.419,1.2,4.5,0.263,4.8,9.7,0.492,1.2,1.7,0.709,2.1,6.8,8.9,7.3,1.1,0.4,3.6,1.9,14.3
"77",192,"Shai Gilgeous-Alexander","PG",23,"OKC",56,56,1942,8.8,19.5,0.453,1.6,5.5,0.3,7.2,14,0.514,6.1,7.5,0.81,0.7,4.5,5.2,6.1,1.3,0.9,2.9,2.6,25.4
"78",193,"Anthony Gill","PF",29,"WAS",44,0,463,4.8,8.5,0.569,1.1,2,0.538,3.7,6.5,0.578,3.3,4,0.808,2.6,4,6.6,2.1,0.4,0.9,1.4,4.5,14
"79",194,"Freddie Gillespie","PF",24,"ORL",9,2,119,2.7,6.7,0.409,0,0.3,0,2.7,6.4,0.429,0.9,2.1,0.429,3.9,7,10.9,1.5,0.9,2.7,1.5,5.4,6.4
"80",195,"Rudy Gobert","C",29,"UTA",66,66,2120,6.1,8.6,0.713,0,0.1,0,6.1,8.6,0.718,5.1,7.5,0.69,4.1,12.3,16.4,1.2,0.8,2.3,2,3,17.4
"81",196,"Brandon Goodwin","PG",26,"CLE",36,5,502,4.6,11,0.416,1.4,3.9,0.345,3.2,7.1,0.455,1.7,2.7,0.632,1,3.8,4.8,6.5,1.8,0.1,2.6,2.8,12.3
"82",197,"Jordan Goodwin","SG",23,"WAS",2,0,6,0,18,0,0,6,0,0,12,0,0,0,NA,0,6,6,0,0,0,0,6,0
"83",198,"Aaron Gordon","PF",26,"DEN",75,75,2376,6.6,12.6,0.52,1.3,3.9,0.335,5.3,8.7,0.605,2.6,3.5,0.743,1.9,4.8,6.7,2.8,0.7,0.7,2,2.2,17.1
"84",199,"Eric Gordon","SG",33,"HOU",57,46,1669,5.8,12.2,0.475,2.7,6.5,0.412,3.1,5.7,0.548,2.3,2.9,0.778,0.3,2.1,2.4,3.3,0.6,0.4,2.3,1.4,16.5
"85",200,"Devonte Graham","SF",24,"ATL",53,52,1577,5.8,13.1,0.442,1.7,4.5,0.379,4.1,8.7,0.474,2.9,3.8,0.765,0.6,3.4,4,1.6,0.8,0.5,1.6,3.5,16.2
"86",260,"Chandler Hutchison","SF",25,"PHO",6,0,22,1.6,3.3,0.5,0,0,NA,1.6,3.3,0.5,3.3,3.3,1,0,8.2,8.2,3.3,0,0,6.5,1.6,6.5
"87",261,"Bones Hyland","PG",21,"DEN",69,4,1310,6.3,15.7,0.403,3.6,9.8,0.366,2.7,5.9,0.465,2.9,3.4,0.856,0.4,4.8,5.2,5.2,1.1,0.5,2.4,4.2,19.2
"88",262,"Serge Ibaka","C-PF",32,"TOT",54,12,877,6.1,12.2,0.5,1.5,4.1,0.374,4.6,8.1,0.563,1.3,1.8,0.727,2.5,7.7,10.3,2,0.5,1.4,1.8,4.2,15
"89",262,"Serge Ibaka","C",32,"LAC",35,10,538,6.3,12.8,0.49,1.6,4.1,0.387,4.7,8.7,0.538,1.3,1.9,0.69,2.7,7.4,10,2.4,0.5,1.7,2.2,3.7,15.5
"90",262,"Serge Ibaka","PF",32,"MIL",19,2,339,5.7,11,0.519,1.4,3.9,0.351,4.4,7.1,0.612,1.3,1.6,0.8,2.3,8.3,10.6,1.4,0.4,0.7,1.1,4.9,14.1
"91",263,"Andre Iguodala","SF",38,"GSW",31,0,603,2.7,7.2,0.38,1,4.4,0.23,1.7,2.8,0.617,0.9,1.2,0.75,1.3,4.7,6,6.8,1.6,1.3,1.7,2,7.4
"92",264,"Joe Ingles","SF",34,"UTA",45,15,1122,3.7,9.1,0.404,2.5,7.2,0.347,1.2,1.9,0.617,0.5,0.7,0.773,0.4,3.8,4.2,5.1,0.7,0.2,1.5,2.6,10.4
"93",265,"Brandon Ingram","SF",24,"NOP",55,55,1869,8.7,18.9,0.461,1.4,4.4,0.327,7.3,14.6,0.501,5.1,6.2,0.826,0.7,5.5,6.2,5.9,0.7,0.5,2.9,2.3,24
"94",266,"Kyrie Irving","PG",29,"BRK",29,29,1091,9.5,20.3,0.469,3.3,7.9,0.418,6.2,12.4,0.501,3.9,4.3,0.915,0.5,3.7,4.2,5.5,1.4,0.6,2.4,2.7,26.3
"95",267,"Wes Iwundu","SF",27,"ATL",3,1,82,3.5,7.9,0.444,1.3,2.2,0.6,2.2,5.7,0.385,1.3,1.8,0.75,1.3,4.4,5.7,0,0.4,0,0.4,3.5,9.7
"96",268,"Frank Jackson","PG",23,"DET",53,7,1164,6,14.9,0.402,2.7,8.6,0.308,3.3,6.3,0.529,2.7,3.2,0.827,0.6,2.1,2.7,1.7,0.8,0.3,1.2,2.8,17.3
"97",269,"Isaiah Jackson","PF",20,"IND",36,15,541,7.7,13.7,0.563,0.3,1.1,0.313,7.4,12.6,0.584,4,5.9,0.682,4,5.9,9.9,0.7,1.7,3.5,2.7,6.1,19.8
"98",270,"Jaren Jackson Jr.","PF",22,"MEM",78,78,2126,7.3,17.5,0.415,2.2,6.8,0.319,5.1,10.8,0.476,4.8,5.8,0.823,2,5.7,7.7,1.5,1.2,3,2.2,4.6,21.5
"99",271,"Josh Jackson","SF",24,"TOT",51,3,830,5.2,13,0.4,1.4,5.6,0.254,3.8,7.4,0.512,2.4,3.3,0.714,0.9,5.2,6.1,2.3,1.1,1,2,3.8,14.2
"100",271,"Josh Jackson","SF",24,"DET",39,3,707,5.2,12.8,0.41,1.5,5.8,0.265,3.7,7,0.529,2,2.9,0.714,0.9,5.4,6.3,2.5,1.1,0.9,1.9,3.6,14.1
"101",271,"Josh Jackson","SF",24,"SAC",12,0,123,5,14.3,0.347,0.9,5,0.176,4.1,9.4,0.438,4.4,6.1,0.714,1.2,4.1,5.3,1.5,1.5,1.2,2.6,5,15.2
"102",272,"Justin Jackson","SF",26,"TOT",7,0,37,4.9,14.6,0.333,2.9,8.8,0.333,1.9,5.8,0.333,1.9,1.9,1,1,5.8,6.8,1.9,0,0,1,2.9,14.6
"103",272,"Justin Jackson","SF",26,"BOS",1,0,2,0,18,0,0,0,NA,0,18,0,36,36,1,0,0,0,0,0,0,0,0,36
"104",272,"Justin Jackson","SF",26,"PHO",6,0,35,5.1,14.4,0.357,3.1,9.3,0.333,2.1,5.1,0.4,0,0,NA,1,6.2,7.2,2.1,0,0,1,3.1,13.4
"105",273,"Reggie Jackson","SG",31,"LAC",75,75,2337,7.4,18.8,0.392,2.6,7.9,0.326,4.8,10.9,0.439,2.1,2.5,0.847,0.6,3.6,4.2,5.5,0.8,0.2,2.7,2.4,19.5
"106",274,"LeBron James","SF",37,"LAL",56,56,2084,11.1,21.1,0.524,2.8,7.7,0.359,8.3,13.4,0.62,4.4,5.8,0.756,1.1,6.8,7.9,6,1.3,1,3.4,2.1,29.3
"107",275,"DeJon Jarreau","SG",24,"IND",1,0,1,0,0,NA,0,0,NA,0,0,NA,0,0,NA,0,0,0,0,0,0,0,0,0
"108",276,"DaQuan Jeffries","SG",24,"MEM",3,0,9,4,8,0.5,0,4,0,4,4,1,0,0,NA,0,8,8,4,0,0,0,4,8
"109",277,"Ty Jerome","SG",24,"OKC",48,4,801,5.6,14.7,0.378,2.4,8.4,0.29,3.1,6.4,0.493,1.7,2.1,0.809,0.9,2.7,3.5,4.9,1.3,0.2,1.7,3.3,15.3
"110",278,"Isaiah Joe","SG",22,"PHI",55,1,609,3.7,10.5,0.35,2.7,8,0.333,1,2.5,0.405,1.7,1.8,0.935,0.4,3,3.3,2.1,0.8,0.2,1.1,2.8,11.7
"111",279,"Alize Johnson","PF",25,"TOT",23,0,167,3.7,8.4,0.436,0,0.9,0,3.7,7.5,0.486,1.5,2.6,0.583,6,7.1,13.1,1.9,1.1,0,2.6,3.9,8.8
"112",279,"Alize Johnson","PF",25,"CHI",16,0,121,3.6,6.8,0.522,0,0.6,0,3.6,6.2,0.571,1.2,2.1,0.571,4.8,6,10.7,2.4,0.9,0,2.4,4.5,8.3
"113",279,"Alize Johnson","PF",25,"WAS",3,0,18,4,12,0.333,0,4,0,4,8,0.5,0,2,0,10,14,24,0,0,0,6,0,8
"114",279,"Alize Johnson","PF",25,"NOP",4,0,28,3.9,12.9,0.3,0,0,NA,3.9,12.9,0.3,3.9,5.1,0.75,9,7.7,16.7,1.3,2.6,0,1.3,3.9,11.6
"115",280,"B.J. Johnson","SF",26,"ORL",4,0,65,6.1,13.8,0.44,2.2,5.5,0.4,3.9,8.3,0.467,0,0,NA,3.3,5,8.3,0,0,0.6,0,2.2,14.4
"116",281,"Cameron Johnson","PF",25,"PHO",66,16,1730,5.8,12.6,0.46,3.5,8.1,0.425,2.4,4.5,0.523,2,2.4,0.86,0.9,4.8,5.7,2.1,1.2,0.3,1,2.4,17.1
"117",282,"David Johnson","SG",20,"TOR",2,0,2,0,18,0,0,18,0,0,0,NA,0,0,NA,0,0,0,0,0,0,0,0,0
"118",283,"Jalen Johnson","PF",20,"ATL",22,0,120,6.6,12.3,0.537,0.9,3.9,0.231,5.7,8.4,0.679,1.5,2.1,0.714,0.6,7.2,7.8,0.9,0.9,0.6,2.7,2.7,15.6
"119",284,"James Johnson","PF",34,"BRK",62,10,1191,4.4,9.3,0.469,0.7,2.6,0.271,3.7,6.7,0.545,0.9,1.7,0.527,1.5,5,6.5,3.9,0.9,1,1.5,4.9,10.3
"120",285,"Joe Johnson","SG",40,"BOS",1,0,2,18,18,1,0,0,NA,18,18,1,0,0,NA,0,0,0,0,0,0,0,0,36
"121",286,"Keldon Johnson","SF",22,"SAS",75,74,2392,7.1,15.2,0.466,2.4,6,0.398,4.7,9.2,0.51,2.7,3.5,0.756,1.2,5.7,6.9,2.4,0.9,0.2,1.4,2.2,19.2
"122",287,"Keon Johnson","SG",19,"TOT",37,12,697,5,14,0.353,1.8,5.2,0.34,3.2,8.9,0.36,2.1,2.6,0.804,1.2,2.9,4.2,3.9,1.4,0.6,2.4,3.6,13.8
"123",287,"Keon Johnson","SG",19,"LAC",15,0,135,4.5,13.6,0.333,0.8,2.9,0.273,3.7,10.7,0.35,4.3,5.6,0.762,1.6,4,5.6,3.5,1.9,0.5,1.9,5.6,14.1
"124",287,"Keon Johnson","SG",19,"POR",22,12,562,5.1,14.2,0.357,2,5.7,0.348,3.1,8.5,0.364,1.6,1.9,0.833,1.2,2.7,3.8,4,1.3,0.6,2.5,3.1,13.7
"125",288,"Stanley Johnson","PF",25,"LAL",48,27,1094,3.9,8.3,0.466,1.1,3.5,0.314,2.8,4.8,0.575,1.7,2.4,0.716,1.1,4,5.1,2.6,1.4,0.5,1.2,3.6,10.5
"126",289,"Tyler Johnson","PG",29,"TOT",6,0,91,2.4,7.9,0.3,2,5.1,0.385,0.4,2.8,0.143,0,0,NA,1.2,3.6,4.7,2.8,1.2,1.2,0.8,2.8,6.7
"127",289,"Tyler Johnson","PG",29,"PHI",3,0,38,3.8,9.5,0.4,2.8,6.6,0.429,0.9,2.8,0.333,0,0,NA,0.9,4.7,5.7,1.9,0.9,0.9,0.9,3.8,10.4
"128",289,"Tyler Johnson","PG",29,"SAS",3,0,53,1.4,6.8,0.2,1.4,4.1,0.333,0,2.7,0,0,0,NA,1.4,2.7,4.1,3.4,1.4,1.4,0.7,2,4.1
"129",290,"Nikola Jokić","C",26,"DEN",74,74,2476,11.1,19.1,0.583,1.4,4.2,0.337,9.7,14.9,0.652,5.5,6.8,0.81,3,11.8,14.8,8.5,1.6,0.9,4.1,2.8,29.1
"130",291,"Carlik Jones","PG",24,"TOT",5,0,23,1.6,14.1,0.111,0,1.6,0,1.6,12.5,0.125,3.1,3.1,1,1.6,3.1,4.7,7.8,1.6,0,4.7,0,6.3
"131",291,"Carlik Jones","PG",24,"DAL",3,0,19,0,13.3,0,0,1.9,0,0,11.4,0,3.8,3.8,1,1.9,3.8,5.7,9.5,1.9,0,5.7,0,3.8
"132",291,"Carlik Jones","PG",24,"DEN",2,0,4,9,18,0.5,0,0,NA,9,18,0.5,0,0,NA,0,0,0,0,0,0,0,0,18
"133",292,"Damian Jones","C",26,"SAC",56,15,1017,6.2,9.4,0.658,0.4,1,0.345,5.8,8.4,0.696,3.3,4.6,0.718,2.7,6.1,8.7,2.4,0.9,1.7,2.1,4.6,16.1
"134",293,"Derrick Jones Jr.","PF",24,"CHI",51,8,899,4.2,7.8,0.538,0.8,2.4,0.328,3.4,5.4,0.634,2.2,2.8,0.8,2.4,4.4,6.8,1.2,1,1.3,1.2,4.2,11.5
"135",294,"Herbert Jones","PF",23,"NOP",78,69,2335,4.2,8.9,0.476,0.9,2.6,0.337,3.3,6.3,0.533,2.1,2.5,0.84,1.5,3.1,4.6,2.6,2,0.9,1.5,3.7,11.4
"136",295,"Jemerrio Jones","SF",26,"LAL",2,0,15,4.8,7.2,0.667,0,0,NA,4.8,7.2,0.667,0,0,NA,4.8,2.4,7.2,0,2.4,0,0,4.8,9.6
"137",296,"Kai Jones","C",21,"CHO",21,0,63,5.1,8,0.643,0.6,1.1,0.5,4.6,6.9,0.667,1.7,4.6,0.375,1.7,4.6,6.3,2.3,0.6,1.1,3.4,4.6,12.6
"138",297,"Mason Jones","SG",23,"LAL",4,0,51,4.9,10.6,0.467,0.7,2.8,0.25,4.2,7.8,0.545,8.5,10.6,0.8,0.7,6.4,7.1,2.8,1.4,0,0.7,5.6,19.1
"139",298,"Tre Jones","PG",22,"SAS",69,11,1148,5.2,10.6,0.49,0.3,1.6,0.196,4.9,9,0.542,2.2,2.9,0.78,0.9,4,4.9,7.3,1.3,0.2,1.4,2.4,13
"140",299,"Tyus Jones","PG",25,"MEM",73,23,1549,5.8,12.8,0.451,1.9,4.8,0.39,3.9,8.1,0.487,1.3,1.5,0.818,0.4,3.7,4.1,7.5,1.5,0,1.1,0.7,14.7
"141",300,"DeAndre Jordan","C",33,"TOT",48,20,622,5.3,8.3,0.643,0,0,NA,5.3,8.3,0.643,1.3,2.3,0.55,4.8,10.5,15.3,1.2,0.7,2,2.1,4.1,11.9
"142",300,"DeAndre Jordan","C",33,"LAL",32,19,408,5.3,7.9,0.674,0,0,NA,5.3,7.9,0.674,1.1,2.3,0.462,4.5,10.7,15.2,1.1,0.9,2.3,1.9,4.4,11.6
"143",300,"DeAndre Jordan","C",33,"PHI",16,1,214,5.4,9.1,0.593,0,0,NA,5.4,9.1,0.593,1.7,2.4,0.714,5.4,10.1,15.5,1.3,0.3,1.5,2.7,3.5,12.4
"144",301,"Cory Joseph","PG",30,"DET",65,39,1600,4,9,0.445,1.5,3.5,0.414,2.5,5.5,0.465,2.3,2.5,0.885,0.7,3.3,3.9,5.3,0.9,0.4,1.9,3.3,11.7
"145",302,"Georgios Kalaitzakis","SF",23,"TOT",13,4,214,5.2,11.3,0.463,1.7,4.4,0.385,3.5,6.9,0.512,2.4,5,0.467,1,2.5,3.5,2,1.9,0.3,3.4,3.2,14.5
"146",302,"Georgios Kalaitzakis","SF",23,"MIL",9,0,48,3.7,8.2,0.455,1.5,3,0.5,2.3,5.2,0.429,3,6.8,0.444,3,3,6,0,0.7,0.7,3,6,12
"147",302,"Georgios Kalaitzakis","SF",23,"OKC",4,4,166,5.6,12.1,0.464,1.7,4.8,0.364,3.9,7.4,0.529,2.2,4.6,0.476,0.4,2.4,2.8,2.6,2.2,0.2,3.5,2.4,15.2
"148",303,"Frank Kaminsky","C",28,"PHO",9,0,181,7.2,13.1,0.545,1,3,0.333,6.2,10.1,0.608,3.6,4,0.9,2.2,6,8.2,2.6,1.6,1.4,1,2.8,18.9
"149",304,"Luke Kennard","SG",25,"LAC",70,13,1919,5.4,12,0.449,3.6,7.9,0.449,1.8,4.1,0.449,1.3,1.4,0.896,0.4,3.9,4.3,2.7,0.8,0.1,1.1,1.9,15.6
"150",305,"Braxton Key","SF",24,"TOT",11,0,197,6,13.2,0.458,1.1,3.8,0.286,4.9,9.3,0.529,1.3,2.4,0.538,2.4,6.8,9.1,2,1.8,2,2,4.8,14.4
"151",305,"Braxton Key","SF",24,"PHI",2,0,6,6,12,0.5,0,6,0,6,6,1,0,0,NA,6,6,12,6,6,0,12,6,12
"152",305,"Braxton Key","SF",24,"DET",9,0,191,6,13.2,0.457,1.1,3.8,0.3,4.9,9.4,0.52,1.3,2.5,0.538,2.3,6.8,9,1.9,1.7,2.1,1.7,4.7,14.5
"153",306,"George King","SF",28,"DAL",4,0,19,0,9.5,0,0,7.6,0,0,1.9,0,1.9,3.8,0.5,0,9.5,9.5,0,0,0,1.9,7.6,1.9
"154",307,"Louis King","SF",22,"SAC",10,0,104,5.2,16.3,0.319,2.8,9.3,0.296,2.4,6.9,0.35,2.4,3.5,0.7,0,4.2,4.2,3.1,0.7,0.3,0,4.8,15.6
"155",308,"Corey Kispert","SF",22,"WAS",77,36,1801,4.7,10.3,0.455,2.2,6.4,0.35,2.4,3.9,0.629,1.1,1.2,0.871,1.1,3.1,4.2,1.7,0.7,0.4,1,1.9,12.7
"156",309,"Maxi Kleber","PF",30,"DAL",59,21,1450,3.5,8.8,0.398,2.1,6.3,0.325,1.4,2.5,0.586,1.1,1.6,0.708,1.7,7,8.7,1.7,0.7,1.4,1.2,3.4,10.2
"157",310,"Brandon Knight","PG",30,"DAL",5,0,65,5.5,13.8,0.4,2.2,9.4,0.235,3.3,4.4,0.75,4.4,4.4,1,0,4.4,4.4,4.4,0.6,0,2.2,2.8,17.7
"158",311,"Nathan Knight","PF",24,"MIN",37,2,267,6.1,11.9,0.511,0.5,1.8,0.308,5.5,10.1,0.547,5.9,8.1,0.733,4.3,7.1,11.5,3,0.9,1.1,2.4,5.7,18.6
"159",312,"Kevin Knox","SF",22,"TOT",30,0,222,5,13.8,0.365,2.4,8.8,0.278,2.6,5,0.516,2.6,3.6,0.727,2.3,4.9,7.1,1.6,0.6,0.3,1.1,3.1,15.1
"160",312,"Kevin Knox","SF",22,"NYK",13,0,111,4.9,13,0.375,3.2,9.1,0.357,1.6,3.9,0.417,2.3,3.2,0.7,2.6,4.5,7.1,1,0.6,0.3,1.6,1.6,15.2
"161",312,"Kevin Knox","SF",22,"ATL",17,0,111,5.2,14.6,0.356,1.6,8.4,0.192,3.6,6.2,0.579,2.9,3.9,0.75,1.9,5.2,7.1,2.3,0.6,0.3,0.6,4.5,14.9
"162",313,"John Konchar","SG",25,"MEM",72,7,1292,3.8,7.3,0.515,1.4,3.5,0.413,2.3,3.8,0.61,0.8,1.4,0.551,2.4,6.7,9.2,3,1.3,0.6,0.8,2.5,9.7
"163",314,"Furkan Korkmaz","SG",24,"PHI",67,19,1414,4.6,12,0.387,2,6.8,0.289,2.7,5.2,0.515,1.7,2.1,0.81,0.6,3.9,4.5,3.2,0.8,0.2,1.2,1.5,13
"164",315,"Luke Kornet","C",26,"TOT",15,0,103,4.5,9.4,0.481,0,1.7,0,4.5,7.7,0.591,1.4,2.1,0.667,4.5,5.6,10.1,3.1,1,1,0,3.1,10.5
"165",315,"Luke Kornet","C",26,"CLE",2,0,15,2.4,12,0.2,0,2.4,0,2.4,9.6,0.25,4.8,7.2,0.667,4.8,2.4,7.2,2.4,0,2.4,0,2.4,9.6
"166",315,"Luke Kornet","C",26,"MIL",1,0,3,0,12,0,0,0,NA,0,12,0,0,0,NA,12,0,12,0,0,0,0,12,0
"167",315,"Luke Kornet","C",26,"BOS",12,0,85,5.1,8.9,0.571,0,1.7,0,5.1,7.2,0.706,0.8,1.3,0.667,4.2,6.4,10.6,3.4,1.3,0.8,0,3,11
"168",316,"Vit Krejci","SG",21,"OKC",30,8,690,3.5,8.7,0.407,1.7,5.1,0.327,1.9,3.6,0.522,1,1.1,0.864,0.9,4.3,5.3,3,1,0.4,1.5,3.4,9.8
"169",317,"Arnoldas Kulboka","SF",24,"CHO",2,0,5,0,7.2,0,0,7.2,0,0,0,NA,0,0,NA,0,0,0,0,0,0,0,7.2,0
"170",318,"Jonathan Kuminga","SF",19,"GSW",70,12,1185,7.2,14,0.513,1.5,4.5,0.336,5.7,9.4,0.598,3.9,5.8,0.684,1.6,5.5,7.1,1.9,0.9,0.7,2.2,4.4,19.8
"171",319,"Kyle Kuzma","PF",26,"WAS",66,66,2204,6.9,15.3,0.452,2.1,6.1,0.341,4.8,9.2,0.526,2.5,3.6,0.712,1.1,8,9.2,3.8,0.7,0.9,2.8,2.1,18.5
"172",320,"Anthony Lamb","SF",24,"SAS",2,0,8,0,9,0,0,9,0,0,0,NA,0,0,NA,0,4.5,4.5,9,0,0,0,0,0
"173",321,"Jeremy Lamb","SF-SG",29,"TOT",56,0,935,5.1,13.4,0.383,2.1,6.5,0.324,3,6.8,0.441,3.4,4.1,0.84,1,4.9,5.9,3.1,1.2,0.8,1.4,2.3,15.8
"174",321,"Jeremy Lamb","SF",29,"IND",39,0,613,5,13.4,0.373,2.3,6.9,0.333,2.7,6.5,0.414,3.9,4.7,0.838,0.9,4.6,5.5,3,1.4,0.8,1.4,2.6,16.2
"175",321,"Jeremy Lamb","SG",29,"SAC",17,0,322,5.4,13.3,0.403,1.8,5.9,0.302,3.6,7.4,0.485,2.5,2.9,0.846,1.2,5.5,6.7,3.4,0.9,0.9,1.5,1.7,15
"176",322,"Jock Landale","C",26,"SAS",54,1,589,6.2,12.5,0.495,1.8,5.4,0.326,4.4,7,0.626,2.1,2.5,0.829,3.9,4.6,8.4,2.8,0.6,0.9,1.9,3.2,16.2
"177",323,"Romeo Langford","SG",22,"TOT",48,5,771,3.9,8.9,0.435,1.4,4,0.341,2.5,4.9,0.509,1.1,2,0.548,1.4,3.6,5,1,1,0.7,0.7,2.2,10.2
"178",323,"Romeo Langford","SG",22,"BOS",44,5,728,3.9,9.1,0.429,1.4,4.1,0.349,2.5,5,0.495,1,1.7,0.588,1.5,3.7,5.1,0.9,1,0.8,0.8,2.3,10.2
"179",323,"Romeo Langford","SG",22,"SAS",4,0,43,3.3,5.9,0.571,0,1.7,0,3.3,4.2,0.8,2.5,6.7,0.375,0,3.3,3.3,1.7,0.8,0,0,0.8,9.2
"180",324,"Zach LaVine","SF",26,"CHI",67,67,2328,8.7,18.3,0.476,2.9,7.3,0.389,5.9,11,0.534,4.9,5.8,0.853,0.3,4.4,4.8,4.7,0.6,0.4,2.6,1.9,25.3
"181",325,"Jake Layman","SF",27,"MIN",34,1,231,4.7,11.4,0.411,1.2,5.5,0.229,3.4,5.9,0.579,2,2.8,0.722,0.9,4.7,5.6,1.4,1.1,0.8,1.6,1.9,12.6
"182",326,"Damion Lee","SG",29,"GSW",63,5,1256,4.8,11,0.441,1.8,5.4,0.337,3,5.6,0.541,1.9,2.1,0.88,0.8,5,5.8,1.8,1.1,0.2,1.1,2.7,13.4
"183",327,"Saben Lee","PG",22,"DET",37,0,604,4.1,10.5,0.39,0.8,3.6,0.233,3.3,7,0.47,3.3,4.2,0.789,1.1,4.1,5.2,6.4,2.1,0.7,2.1,2.6,12.4
"184",328,"Alex Len","C",28,"SAC",39,10,620,5.5,10.2,0.534,0.3,1.2,0.286,5.1,9,0.568,2.4,3.7,0.651,3,6.3,9.3,2.6,0.8,1.5,2.5,5.8,13.6
"185",329,"Caris LeVert","SG",27,"TOT",58,49,1781,7.7,17.3,0.444,1.7,5.2,0.32,6,12.1,0.497,3,3.9,0.756,0.9,3.5,4.3,5,1,0.5,2.2,2.6,19.9
"186",329,"Caris LeVert","SG",27,"IND",39,39,1214,8.2,18.4,0.447,1.8,5.6,0.323,6.4,12.8,0.501,3.3,4.3,0.76,0.9,3.6,4.4,5.1,1,0.5,2.2,2.7,21.6
"187",329,"Caris LeVert","SG",27,"CLE",19,10,567,6.4,14.7,0.435,1.3,4.3,0.313,5.1,10.5,0.485,2.2,3,0.745,0.8,3.2,4.1,4.8,1,0.3,2.1,2.5,16.4
"188",330,"Kira Lewis Jr.","PG",20,"NOP",24,0,341,6.2,15.4,0.404,1.4,6.1,0.224,4.9,9.3,0.523,1.1,1.3,0.833,1,3.2,4.1,5.2,1.2,0.1,2.7,1.8,14.9
"189",331,"Scottie Lewis","SG",21,"CHO",2,0,7,0,0,NA,0,0,NA,0,0,NA,5.1,10.3,0.5,0,0,0,5.1,5.1,0,0,0,5.1
"190",332,"Damian Lillard","PG",31,"POR",29,29,1056,7.6,18.8,0.402,3.1,9.7,0.324,4.4,9.1,0.485,5.4,6.2,0.878,0.4,3.6,4.1,7.2,0.6,0.4,2.8,1.3,23.7
"191",333,"Nassir Little","SF",21,"POR",42,23,1088,4.8,10.4,0.46,1.7,5.1,0.331,3.1,5.3,0.584,2.3,3.1,0.734,1.9,5.9,7.8,1.8,0.8,1.2,1.3,2.7,13.6
"192",334,"Isaiah Livers","SF",23,"DET",19,5,383,3.9,8.5,0.456,2.5,6,0.422,1.3,2.4,0.538,1.1,1.3,0.857,1.4,3.9,5.4,2,1.2,0.7,1.4,3.5,11.4
"193",335,"Kevon Looney","C",25,"GSW",82,80,1732,4.3,7.6,0.571,0,0,0,4.3,7.5,0.573,1.6,2.6,0.6,4.3,8.1,12.4,3.4,1,1.1,1.4,4.5,10.2
"194",336,"Brook Lopez","C",33,"MIL",13,11,298,7.4,15.8,0.466,2.3,6.4,0.358,5.1,9.4,0.538,2.4,2.8,0.87,2.3,4.1,6.4,0.7,1,1.8,1.4,4.1,19.4
"195",337,"Robin Lopez","C",33,"ORL",36,9,612,6.5,11.7,0.553,0.1,0.4,0.333,6.4,11.4,0.56,1.9,3.2,0.593,4,3.4,7.4,3.2,0.1,1.1,2.6,3.9,14.9
"196",338,"Didi Louzada","SG-SF",22,"TOT",9,1,129,3.3,9.2,0.364,2.5,6.4,0.391,0.8,2.8,0.3,0.6,0.6,1,1.4,3.3,4.7,1.4,0.6,0.6,1.4,3.6,9.8
"197",338,"Didi Louzada","SF",22,"NOP",2,0,7,0,15.4,0,0,15.4,0,0,0,NA,0,0,NA,10.3,0,10.3,5.1,0,0,0,0,0
"198",338,"Didi Louzada","SG",22,"POR",7,1,122,3.5,8.9,0.4,2.7,5.9,0.45,0.9,3,0.3,0.6,0.6,1,0.9,3.5,4.4,1.2,0.6,0.6,1.5,3.8,10.3
"199",339,"Kevin Love","PF",33,"CLE",74,4,1665,7.1,16.5,0.43,4,10.3,0.392,3,6.1,0.493,3.6,4.3,0.838,1.9,9.7,11.6,3.5,0.6,0.4,2.1,2.2,21.8
"200",340,"Kyle Lowry","PG",35,"MIA",63,63,2133,4.7,10.6,0.44,2.4,6.4,0.377,2.2,4.1,0.539,2.5,2.9,0.851,0.6,4.2,4.8,8,1.1,0.3,2.8,3,14.2
"201",341,"Gabriel Lundberg","SG",27,"PHO",4,0,44,4.1,15.5,0.263,2.5,6.5,0.375,1.6,9,0.182,0,0,NA,1.6,4.1,5.7,9,2.5,0,2.5,5.7,10.6
"202",342,"Timothé Luwawu-Cabarrot","SF",26,"ATL",52,18,685,3.9,9.8,0.398,2.3,6.4,0.361,1.6,3.4,0.469,1.8,2.2,0.854,0.9,3.4,4.3,2.1,0.9,0.3,1.1,4,11.9
"203",343,"Trey Lyles","PF",26,"TOT",75,23,1537,6.1,13.2,0.466,1.6,4.9,0.321,4.6,8.3,0.552,4.6,5.7,0.802,2.1,6.8,8.9,2.1,0.7,0.7,1.7,2.9,18.4
"204",343,"Trey Lyles","PF",26,"DET",51,3,990,6.4,14,0.456,1.6,5.3,0.301,4.8,8.7,0.55,5,6.4,0.784,2.2,6.7,8.9,2.1,0.8,0.9,2,3.3,19.3
"205",343,"Trey Lyles","PF",26,"SAC",24,20,547,5.7,11.7,0.489,1.5,4.1,0.365,4.2,7.6,0.557,3.8,4.4,0.851,1.9,7,8.9,2,0.5,0.4,1.3,2.1,16.7
"206",344,"Théo Maledon","PG",20,"OKC",51,7,908,4.7,12.6,0.375,1.7,5.9,0.293,3,6.6,0.449,3.1,4,0.79,0.8,4.4,5.2,4.4,1.2,0.4,2.6,2.7,14.3
"207",345,"Sandro Mamukelashvili","PF",22,"MIL",41,3,407,5,10.2,0.496,1.9,4.6,0.423,3.1,5.6,0.556,1.6,1.9,0.818,3.1,4.2,7.3,1.9,0.8,0.8,1.3,2.5,13.6
"208",346,"Terance Mann","SF",25,"LAC",81,33,2317,5.2,10.7,0.484,1.2,3.2,0.365,4,7.5,0.535,2,2.5,0.78,1.6,5,6.6,3.2,0.9,0.3,1.3,2.8,13.5
"209",347,"Tre Mann","PG",20,"OKC",60,26,1367,6.1,15.5,0.393,2.6,7.2,0.36,3.5,8.3,0.421,1.7,2.2,0.793,0.7,3.8,4.5,2.4,1.2,0.3,1.9,2.7,16.5
"210",348,"Boban Marjanović","C",33,"DAL",23,0,128,11.8,19.7,0.6,0.3,1.1,0.25,11.5,18.6,0.621,3.7,6.2,0.591,2.3,8.7,11,0.8,0,0.8,4.2,6.8,27.6
"211",349,"Lauri Markkanen","PF",24,"CLE",61,61,1878,6,13.5,0.445,2.6,7.3,0.358,3.4,6.2,0.548,2.6,3,0.868,1.1,5.5,6.6,1.6,0.9,0.6,1,2.5,17.3
"212",350,"Naji Marshall","SF",24,"NOP",55,4,735,5.3,13.2,0.405,1,5.1,0.2,4.3,8,0.537,3.6,4.6,0.796,1.9,5.1,7,3,1.6,0.4,2.3,3.4,15.3
"213",351,"Caleb Martin","SF",26,"MIA",60,12,1372,5.5,10.8,0.507,1.7,4.1,0.413,3.8,6.7,0.565,1.9,2.4,0.763,1.8,4.2,6,1.7,1.5,0.8,1.4,2.7,14.5
"214",352,"Cody Martin","SF",26,"CHO",71,11,1866,3.9,8.2,0.482,1.2,3.1,0.384,2.8,5.1,0.542,1.4,2.1,0.701,1.6,3.9,5.5,3.5,1.7,0.6,1.2,2.2,10.5
"215",353,"Kelan Martin","SF",26,"TOT",30,1,450,5.6,13.7,0.409,1.8,6,0.293,3.8,7.7,0.5,0.7,1,0.692,1.4,3,4.4,1.7,1,0.7,1.1,2.9,13.7
"216",353,"Kelan Martin","SF",26,"IND",27,1,444,5.7,13.6,0.417,1.8,6,0.297,3.9,7.6,0.511,0.7,1.1,0.692,1.3,3,4.3,1.7,1.1,0.7,1.1,2.9,13.9
"217",353,"Kelan Martin","SF",26,"BOS",3,0,6,0,18,0,0,6,0,0,12,0,0,0,NA,6,6,12,0,0,0,0,0,0
"218",354,"Kenyon Martin Jr.","SF",21,"HOU",79,2,1656,6.1,11.4,0.533,1.3,3.7,0.357,4.8,7.7,0.617,1.7,2.7,0.634,1.7,4.7,6.5,2.2,0.7,0.9,1.3,2.5,15.1
"219",355,"Garrison Mathews","SG",25,"HOU",65,33,1712,3.9,9.7,0.399,2.9,8.1,0.36,0.9,1.6,0.6,3,3.8,0.794,0.7,3.3,4,1.3,1.2,0.5,0.9,3.5,13.7
"220",356,"Dakota Mathias","SG",26,"MEM",6,0,16,4.5,13.5,0.333,4.5,13.5,0.333,0,0,NA,0,0,NA,0,4.5,4.5,2.3,2.3,0,0,2.3,13.5
"221",357,"Wesley Matthews","SG",35,"MIL",49,14,1002,3.1,7.9,0.395,1.9,5.6,0.338,1.2,2.3,0.54,0.8,1,0.786,1.1,2.2,3.3,1.3,0.8,0.3,0.6,3.1,8.9
"222",358,"Tyrese Maxey","PG",21,"PHI",75,74,2650,6.6,13.5,0.485,1.8,4.2,0.427,4.8,9.3,0.512,2.9,3.3,0.866,0.4,2.9,3.3,4.4,0.7,0.4,1.2,2.1,17.8
"223",359,"Skylar Mays","SG",24,"ATL",28,5,220,5.2,10.5,0.5,1.3,4.1,0.32,3.9,6.4,0.615,1.3,1.5,0.889,0.8,3.3,4.1,2.8,1.1,0,1.6,1.5,13.1
"224",360,"Miles McBride","PG",21,"NYK",40,2,372,3.1,10.5,0.296,1.6,6.6,0.25,1.5,3.9,0.375,0.8,1.2,0.667,0.4,3.7,4.1,4,1.4,0.1,0.5,4.4,8.6
"225",361,"Mac McClung","SG-PG",23,"TOT",2,0,25,4.3,8.6,0.5,1.4,4.3,0.333,2.9,4.3,0.667,1.4,1.4,1,0,4.3,4.3,1.4,1.4,1.4,4.3,7.2,11.5
"226",361,"Mac McClung","PG",23,"CHI",1,0,3,12,12,1,0,0,NA,12,12,1,0,0,NA,0,0,0,0,0,0,12,0,24
"227",361,"Mac McClung","SG",23,"LAL",1,0,22,3.3,8.2,0.4,1.6,4.9,0.333,1.6,3.3,0.5,1.6,1.6,1,0,4.9,4.9,1.6,1.6,1.6,3.3,8.2,9.8
"228",362,"CJ McCollum","SG",30,"TOT",62,62,2145,9,19.5,0.46,3.1,7.9,0.388,5.9,11.7,0.509,1.9,2.9,0.682,0.9,3.6,4.5,5.3,1.2,0.4,2.1,2,23
"229",362,"CJ McCollum","SG",30,"POR",36,36,1267,8.2,18.9,0.436,3.2,8.2,0.384,5.1,10.7,0.476,1.4,1.9,0.706,1,3.4,4.3,4.6,1,0.6,2,2.2,21
"230",362,"CJ McCollum","SG",30,"NOP",26,26,878,10.1,20.5,0.493,2.9,7.4,0.394,7.2,13.1,0.549,2.8,4.2,0.667,0.8,4,4.8,6.2,1.4,0,2.3,1.8,25.9
"231",363,"T.J. McConnell","PG",29,"IND",27,8,652,5.5,11.5,0.481,0.6,1.8,0.303,5,9.7,0.514,1,1.3,0.826,1.1,3.9,5,7.2,1.6,0.6,1.6,2.9,12.6
"232",364,"Jaden McDaniels","PF",21,"MIN",70,31,1803,5.1,11.1,0.46,1.6,5,0.317,3.5,6,0.579,1.1,1.4,0.803,1.5,4.3,5.9,1.6,1,1.1,1.5,4.5,12.9
"233",365,"Jalen McDaniels","SF",24,"CHO",55,2,895,4.9,10.2,0.484,1.6,4.3,0.38,3.3,5.9,0.562,2.1,2.9,0.736,1.5,5.3,6.8,2.3,1,0.9,1.4,3.7,13.7
"234",366,"Doug McDermott","PF",30,"SAS",51,51,1223,6.3,13.7,0.462,3.2,7.5,0.422,3.1,6.2,0.512,1.2,1.5,0.784,0.5,2.9,3.4,1.9,0.4,0.2,1.3,2.3,17
"235",367,"JaVale McGee","C",34,"PHO",74,17,1172,8.8,14.1,0.629,0.1,0.3,0.222,8.8,13.8,0.637,3.1,4.5,0.699,5,10.2,15.2,1.3,0.7,2.5,3,5.6,20.9
"236",368,"Cameron McGriff","SF",24,"POR",3,0,46,3.9,11,0.357,1.6,4.7,0.333,2.3,6.3,0.375,1.6,1.6,1,4.7,7,11.7,2.3,0,0.8,0,5.5,11
"237",369,"Rodney McGruder","SG",30,"DET",51,2,754,4.7,10.7,0.436,2.8,7,0.397,1.9,3.8,0.506,0.9,1.2,0.731,1.5,3.8,5.3,2.3,1,0.3,1.1,2.8,13
"238",370,"Alfonzo McKinnie","SF",29,"CHI",17,3,206,4.2,10.7,0.393,1.6,4.7,0.333,2.6,5.9,0.441,0.3,1.4,0.25,2.3,3.5,5.8,0.9,0.3,0.5,1.2,4.5,10.3
"239",371,"JaQuori McLaughlin","PG",24,"DAL",4,0,11,0,6.5,0,0,3.3,0,0,3.3,0,0,0,NA,0,0,0,6.5,0,0,0,3.3,0
"240",372,"Jordan McLaughlin","PG",25,"MIN",62,3,902,3.5,8,0.44,1.1,3.4,0.318,2.4,4.6,0.53,1.2,1.6,0.75,0.9,2.9,3.8,7.2,2.3,0.4,1.5,2.2,9.3
"241",373,"Ben McLemore","SG",28,"POR",64,6,1285,6.1,15.1,0.401,4.2,11.7,0.362,1.8,3.4,0.533,2,2.5,0.818,0.3,2.5,2.9,1.7,1.1,0.3,1.5,2.9,18.4
"242",374,"DeAnthony Melton","SF",28,"UTA",77,77,2406,3,6.6,0.457,1.8,4.6,0.389,1.3,2.1,0.609,0.7,0.8,0.804,1,4.5,5.5,2.9,1.3,0.5,1.2,2.7,8.5
"243",419,"Semi Ojeleye","PF",27,"TOT",30,0,406,2.7,8.8,0.303,1.3,4.4,0.3,1.3,4.3,0.306,2,2.6,0.793,2.4,4.2,6.6,0.8,0.6,0.5,0.8,2.7,8.7
"244",419,"Semi Ojeleye","PF",27,"MIL",20,0,308,2.1,8.2,0.257,1.3,4.8,0.268,0.8,3.4,0.241,1.2,1.5,0.769,2.9,3.9,6.8,0.6,0.6,0.6,0.6,3,6.7
"245",419,"Semi Ojeleye","PF",27,"LAC",10,0,98,4.4,10.7,0.414,1.5,3.3,0.444,2.9,7.3,0.4,4.8,5.9,0.813,0.7,5.1,5.9,1.5,0.7,0.4,1.5,1.5,15.1
"246",420,"Chuma Okeke","PF",23,"ORL",70,20,1749,4.4,11.8,0.376,2.4,7.6,0.318,2,4.2,0.48,1.1,1.3,0.846,1,6.2,7.1,2.4,2,0.9,1.2,2,12.5
"247",421,"Josh Okogie","SG",23,"MIN",49,6,516,2.9,7.3,0.404,1,3.3,0.298,2,4,0.491,2.4,3.6,0.686,2,2.9,4.9,1.7,1.8,0.8,1.6,3.7,9.3
"248",422,"Onyeka Okongwu","C",21,"ATL",48,6,992,5.7,8.2,0.69,0,0,NA,5.7,8.2,0.69,2.9,4,0.727,4.2,6.1,10.3,1.9,1.1,2.2,1.6,5.4,14.2
"249",423,"Isaac Okoro","SF",21,"CLE",67,61,1981,3.8,7.8,0.48,1,2.9,0.35,2.8,5,0.555,2.2,2.8,0.768,1.3,2.3,3.7,2.2,1,0.4,1.1,3,10.7
"250",424,"KZ Okpala","PF",22,"MIA",21,0,244,4.4,10.2,0.435,1.3,3.8,0.346,3.1,6.3,0.488,1.2,1.6,0.727,1.6,4.4,6,2.1,0.6,1,0.7,3.7,11.4
"251",425,"Victor Oladipo","SG",29,"MIA",8,1,173,7.3,15.2,0.479,3.1,7.5,0.417,4.2,7.7,0.541,2.9,4,0.737,0.6,4.2,4.8,5.8,1,0.2,3.3,2.7,20.6
"252",426,"Cameron Oliver","SF",25,"ATL",2,0,43,8.4,12.6,0.667,0.8,2.5,0.333,7.5,10,0.75,1.7,2.5,0.667,1.7,3.3,5,2.5,0.8,0.8,0,4.2,19.3
"253",427,"Kelly Olynyk","C",30,"DET",40,1,764,6,13.5,0.448,1.9,5.6,0.336,4.1,7.9,0.527,3.3,4.2,0.775,2.5,5.8,8.3,5.2,1.5,0.9,2.7,4.7,17.2
"254",428,"Eugene Omoruyi","SF",24,"DAL",4,0,18,4,10,0.4,2,4,0.5,2,6,0.333,4,8,0.5,4,10,14,4,0,0,0,4,14
"255",429,"Miye Oni","SG",24,"UTA",16,0,44,1.6,7.4,0.222,0.8,6.5,0.125,0.8,0.8,1,0,0.8,0,0.8,4.9,5.7,4.1,0,0,0.8,5.7,4.1
"256",430,"Cedi Osman","SF",26,"CLE",66,3,1462,6.1,14.1,0.432,3.2,8.8,0.357,2.9,5.2,0.559,2.1,3.2,0.664,0.6,3,3.6,3.3,1.3,0.2,1.6,3.1,17.5
"257",431,"Daniel Oturu","C",22,"TOR",3,0,27,4,8,0.5,0,1.3,0,4,6.7,0.6,4,6.7,0.6,1.3,5.3,6.7,0,0,2.7,0,1.3,12
"258",432,"Kelly Oubre Jr.","SF",26,"CHO",76,13,1999,7.4,16.8,0.44,3.4,10,0.345,3.9,6.8,0.578,2.3,3.4,0.667,1.4,4,5.4,1.5,1.4,0.6,1.2,3.4,20.5
"259",433,"Jaysean Paige","PG",27,"DET",1,0,7,0,15.4,0,0,10.3,0,0,5.1,0,0,0,NA,0,5.1,5.1,5.1,0,0,5.1,10.3,0
"260",434,"Trayvon Palmer","SG",27,"DET",1,0,17,0,2.1,0,0,0,NA,0,2.1,0,0,0,NA,0,4.2,4.2,0,0,0,2.1,4.2,0
"261",435,"Kevin Pangos","PG",29,"CLE",24,3,166,3.3,10,0.326,1.3,5.6,0.231,2,4.3,0.45,0.7,0.9,0.75,0.4,2,2.4,6.5,0.7,0,1.5,2.4,8.5
"262",436,"Jabari Parker","PF",26,"BOS",12,0,112,5.8,12.2,0.474,2.6,5.1,0.5,3.2,7.1,0.455,2.9,2.9,1,1.6,7.4,9,1.9,1.3,0.3,2.6,4.2,17
"263",437,"Eric Paschall","PF",25,"UTA",58,3,736,5.6,11.5,0.485,2,5.3,0.37,3.6,6.2,0.583,3.2,4.2,0.767,1.5,3.7,5.2,1.8,0.4,0.2,1.3,2.5,16.3
"264",438,"Chris Paul","PG",36,"PHO",65,65,2139,6.1,12.4,0.493,1.1,3.3,0.317,5,9,0.559,2.8,3.4,0.837,0.4,4.4,4.8,11.8,2,0.3,2.6,2.3,16.1
"265",439,"Cameron Payne","PG",27,"PHO",58,12,1278,6.8,16.5,0.409,2,5.9,0.336,4.8,10.6,0.449,2.1,2.5,0.843,0.7,4.3,4.9,7.9,1.1,0.5,2.9,3.4,17.6
"266",440,"Elfrid Payton","PG",27,"PHO",50,1,549,4.4,11.5,0.383,0.3,1.2,0.222,4.1,10.3,0.401,0.8,2.1,0.375,1.4,4.4,5.8,6.5,1.6,0.4,3.1,2.5,9.8
"267",441,"Gary Payton II","PG",29,"GSW",71,16,1247,6.1,9.9,0.616,1.2,3.5,0.358,4.9,6.5,0.754,1,1.7,0.603,2.1,5.1,7.1,1.8,2.8,0.6,1.2,3.8,14.5
"268",442,"Norvel Pelle","C",28,"UTA",3,0,19,5.7,9.5,0.6,0,0,NA,5.7,9.5,0.6,0,0,NA,5.7,5.7,11.4,0,0,1.9,3.8,1.9,11.4
"269",443,"Reggie Perry","PF",21,"TOT",10,1,187,7.7,15.2,0.506,0.6,3.1,0.188,7.1,12.1,0.587,1.7,2.9,0.6,2.9,6.2,9,2.3,1.7,1.2,2.1,6.4,17.7
"270",443,"Reggie Perry","PF",21,"POR",9,1,177,7.9,15.9,0.5,0.6,3.3,0.188,7.3,12.6,0.581,1.8,3.1,0.6,3.1,6.3,9.4,2.4,1.8,1.2,2.2,6.1,18.3
"271",443,"Reggie Perry","PF",21,"IND",1,0,10,3.6,3.6,1,0,0,NA,3.6,3.6,1,0,0,NA,0,3.6,3.6,0,0,0,0,10.8,7.2
"272",444,"Jamorko Pickett","PF",24,"DET",13,0,176,3.7,10.2,0.36,2.7,8,0.333,1,2.3,0.455,0.2,0.4,0.5,1.2,5.3,6.5,1.4,0,1.4,1,2.5,10.2
"273",445,"Theo Pinson","SF",26,"DAL",19,0,148,3.4,9.5,0.359,2.4,7.3,0.333,1,2.2,0.444,2.4,2.4,1,0.5,4.6,5.1,4.1,1.2,0.5,1.2,2.9,11.7
"274",446,"Mason Plumlee","C",31,"CHO",73,73,1793,4.1,6.4,0.641,0,0,0,4.1,6.4,0.645,1.3,3.4,0.392,3.5,7.8,11.3,4.5,1.2,1,2,4.5,9.6
"275",447,"Jakob Poeltl","C",26,"SAS",68,67,1970,7.5,12.1,0.618,0,0,1,7.5,12.1,0.618,1.7,3.5,0.495,4.8,6.8,11.6,3.5,0.8,2.2,2,3.9,16.7
"276",448,"Aleksej Pokusevski","PF",20,"OKC",61,12,1233,5.4,13.3,0.408,1.7,5.8,0.289,3.8,7.6,0.498,1,1.5,0.7,2.1,7.2,9.3,3.8,1.1,1.1,2.7,2.6,13.5
"277",449,"Yves Pons","SF",22,"MEM",12,0,71,2.5,8.1,0.313,1.5,4.6,0.333,1,3.5,0.286,0,1,0,2.5,3.5,6.1,0.5,0.5,2,0.5,3,6.6
"278",450,"Jordan Poole","SG",22,"GSW",76,51,2283,7.5,16.7,0.448,3.3,9.1,0.364,4.1,7.5,0.55,3.9,4.2,0.925,0.5,3.6,4.1,4.8,0.9,0.4,2.9,3.2,22.2
"279",451,"Kevin Porter Jr.","PG",21,"HOU",61,61,1907,6.3,15.3,0.415,2.9,7.8,0.375,3.4,7.5,0.456,2.3,3.6,0.642,0.8,4.2,5,7.1,1.3,0.4,3.6,2.9,17.9
"280",452,"Michael Porter Jr.","SF",23,"DEN",9,9,265,5,14,0.359,1.4,6.5,0.208,3.7,7.5,0.491,0.7,1.2,0.556,1.2,6.8,8,2.3,1.4,0.3,1.6,2.2,12.1
"281",453,"Otto Porter Jr.","PF",28,"GSW",63,15,1396,5,10.7,0.464,2.1,5.6,0.37,2.9,5.2,0.565,1.3,1.6,0.803,2.2,7.1,9.3,2.4,1.8,0.7,1,2.1,13.3
"282",454,"Bobby Portis","C",26,"MIL",72,59,2028,7.4,15.5,0.479,2.4,6,0.393,5,9.5,0.533,1.5,2,0.752,3.2,8.5,11.7,1.5,0.9,0.9,1.6,3.1,18.7
"283",455,"Kristaps Porziņģis","PF",26,"TOT",51,51,1481,8.6,18.6,0.459,1.9,6.1,0.31,6.7,12.5,0.532,6,7,0.867,2.5,7.5,10,2.9,0.9,2,2,3.3,25
"284",455,"Kristaps Porziņģis","PF",26,"DAL",34,34,1002,8.2,18.3,0.451,1.8,6.2,0.283,6.5,12,0.537,5.3,6.1,0.865,2.3,7.1,9.4,2.5,0.9,2.1,1.9,3.2,23.5
"285",455,"Kristaps Porziņģis","PF",26,"WAS",17,17,479,9.2,19.5,0.475,2.2,5.9,0.367,7.1,13.5,0.522,7.6,8.7,0.871,2.9,8.4,11.3,3.8,0.9,1.9,2.1,3.7,28.3
"286",456,"Micah Potter","C",23,"DET",3,0,31,5.8,12.8,0.455,0,2.3,0,5.8,10.5,0.556,2.3,2.3,1,4.6,5.8,10.5,0,1.2,1.2,1.2,4.6,13.9
"287",457,"Dwight Powell","C",30,"DAL",82,71,1798,5.4,8,0.671,0.3,0.7,0.351,5.1,7.3,0.703,3.3,4.2,0.783,3.5,4.6,8.1,1.9,0.7,0.8,1.3,4.4,14.4
"288",458,"Myles Powell","PG",24,"PHI",11,0,52,3.5,11.8,0.294,0.7,4.2,0.167,2.8,7.6,0.364,1.4,1.4,1,0.7,3.5,4.2,2.1,0.7,0,2.1,5.5,9
"289",459,"Norman Powell","SF-SG",28,"TOT",45,41,1458,6.9,14.9,0.461,2.6,6.2,0.419,4.3,8.7,0.491,4.7,5.8,0.811,0.5,3.1,3.6,2.4,1,0.5,1.7,2.6,21.1
"290",459,"Norman Powell","SF",28,"POR",40,39,1333,6.7,14.6,0.456,2.5,6.2,0.406,4.2,8.5,0.492,4.3,5.3,0.803,0.5,3.1,3.5,2.2,1.1,0.5,1.7,2.5,20.1
"291",459,"Norman Powell","SG",28,"LAC",5,2,125,9.2,18.1,0.508,3.7,6.9,0.542,5.5,11.2,0.487,8.6,10.1,0.857,0.9,3.2,4,4,0.6,1.2,2,4,30.8
"292",460,"Joshua Primo","SG",19,"SAS",50,16,965,3.8,10.1,0.374,1.6,5.1,0.307,2.2,5,0.444,1.6,2.2,0.746,1.2,3,4.2,3,0.7,0.9,2.1,2.9,10.7
"293",461,"Taurean Prince","PF",27,"MIN",69,8,1177,5.4,11.9,0.454,2.6,7,0.376,2.8,4.9,0.565,1.9,2.5,0.756,0.8,4.5,5.3,2.1,1.4,0.7,1.6,3.5,15.4
"294",462,"Payton Pritchard","SG",24,"BOS",71,2,1001,5.8,13.4,0.429,3.6,8.8,0.412,2.1,4.6,0.461,0.8,0.8,1,1.2,3.7,4.8,5,0.9,0.2,1.5,2.2,15.9
"295",463,"Trevelin Queen","SG",24,"HOU",10,0,74,7.3,16.1,0.455,4.4,11.7,0.375,2.9,4.4,0.667,1.9,1.9,1,3.4,4.4,7.8,1.9,2.4,0.5,3.4,2.9,20.9
"296",464,"Neemias Queta","C",22,"SAC",14,0,120,5.1,11.4,0.447,0,0,NA,5.1,11.4,0.447,3.3,5.1,0.647,4.2,5.1,9.3,1.8,0.3,2.4,1.8,5.4,13.5
"297",465,"Immanuel Quickley","PG",22,"NYK",78,3,1802,5.7,14.5,0.392,2.7,7.9,0.346,2.9,6.6,0.448,3.5,4,0.881,0.6,4.3,4.9,5.5,1.1,0.1,2,3.3,17.6
"298",466,"Jahmius Ramsey","PG",25,"MIN",65,65,2077,7,16.9,0.411,3.1,9,0.34,3.9,7.9,0.492,3.4,4.2,0.825,0.4,3.3,3.7,8,1.1,0.4,2.9,2.3,20.4
"299",487,"Matt Ryan","SF",24,"BOS",1,0,5,7.2,36,0.2,7.2,36,0.2,0,0,NA,0,0,NA,0,0,0,0,7.2,0,0,0,21.6
"300",488,"Domantas Sabonis","C-PF",25,"TOT",62,61,2136,7.5,13,0.573,0.7,2.1,0.312,6.8,10.9,0.623,4.1,5.6,0.741,3.4,9.3,12.7,5.4,1,0.5,3.3,3.4,19.7
"301",488,"Domantas Sabonis","C",25,"IND",47,46,1632,7.3,12.6,0.58,0.8,2.4,0.324,6.5,10.2,0.639,4.2,5.7,0.74,3.4,9.1,12.5,5.2,1,0.5,3.2,3.2,19.6
"302",488,"Domantas Sabonis","PF",25,"SAC",15,15,504,8,14.4,0.554,0.3,1.2,0.235,7.7,13.2,0.584,3.9,5.3,0.743,3.3,9.9,13.2,6.2,0.9,0.4,3.7,4.1,20.2
"303",489,"Olivier Sarr","C",22,"OKC",22,2,421,5,8.6,0.574,1.1,2.5,0.448,3.8,6.2,0.625,2.1,2.5,0.828,2.9,5,8,1.6,0.5,1.3,1.9,4.4,13.1
"304",490,"Tomáš Satoranský","SG",30,"TOT",55,13,906,2.9,7.6,0.377,0.4,2.1,0.208,2.4,5.5,0.442,1.7,2.1,0.796,1.1,3.9,5,7.3,1.2,0.2,1.8,2.8,7.9
"305",490,"Tomáš Satoranský","SG",30,"NOP",32,3,481,2.4,8,0.299,0.4,2.3,0.161,2,5.7,0.355,1.4,1.9,0.76,1.3,3.4,4.8,5.7,1,0.1,1.7,2.5,6.6
"306",490,"Tomáš Satoranský","SG",30,"SAS",1,0,9,0,0,NA,0,0,NA,0,0,NA,12,16,0.75,0,4,4,0,0,0,0,0,12
"307",490,"Tomáš Satoranský","SG",30,"WAS",22,10,416,3.5,7.3,0.476,0.5,1.9,0.273,2.9,5.4,0.548,1.8,2.2,0.84,0.8,4.5,5.3,9.3,1.3,0.3,2,3.3,9.3
"308",491,"Jordan Schakel","SG",23,"WAS",4,0,30,1.2,13.2,0.091,1.2,7.2,0.167,0,6,0,2.4,2.4,1,2.4,7.2,9.6,0,1.2,0,1.2,0,6
"309",492,"Admiral Schofield","SF",24,"ORL",38,1,469,4.1,9.9,0.419,2,6.1,0.329,2.1,3.8,0.56,0.9,1.2,0.8,1.3,5.5,6.8,1.9,0.3,0.4,1.6,4.5,11.2
"310",493,"Dennis Schröder","SG-PG",28,"TOT",64,29,1837,6.1,14.2,0.431,1.7,4.9,0.344,4.4,9.3,0.477,3.1,3.6,0.853,0.7,3.5,4.2,5.8,1,0.2,2.8,3,17
"311",493,"Dennis Schröder","SG",28,"BOS",49,25,1433,6.5,14.7,0.44,1.7,4.8,0.349,4.8,9.8,0.485,3.1,3.6,0.848,0.7,3.4,4.1,5.2,1,0.1,2.6,2.9,17.7
"312",493,"Dennis Schröder","PG",28,"HOU",15,4,404,4.9,12.5,0.393,1.7,5.2,0.328,3.2,7.3,0.439,3,3.5,0.872,0.5,3.9,4.5,7.8,1.1,0.3,3.5,3.4,14.5
"313",494,"Tre Scott","SF",25,"CLE",2,0,11,9.8,19.6,0.5,0,3.3,0,9.8,16.4,0.6,0,0,NA,3.3,3.3,6.5,0,3.3,3.3,0,6.5,19.6
"314",495,"Jay Scrubb","SG",21,"LAC",18,0,121,5.4,13.7,0.391,1.8,6.2,0.286,3.6,7.4,0.48,2.1,3,0.7,0.6,4.2,4.8,2.4,1.2,0.9,2.1,2.7,14.6
"315",496,"Wayne Selden","SG",27,"NYK",3,0,19,1.9,7.6,0.25,1.9,3.8,0.5,0,3.8,0,3.8,7.6,0.5,0,1.9,1.9,1.9,0,0,0,1.9,9.5
"316",497,"Alperen Şengün","C",19,"HOU",72,13,1489,6,12.7,0.474,0.7,2.8,0.248,5.3,9.9,0.539,4,5.6,0.711,3.3,6.2,9.5,4.5,1.4,1.6,3.5,5.2,16.7
"317",498,"Collin Sexton","SG",23,"CLE",11,11,316,7.7,17.2,0.45,1.3,5.1,0.244,6.5,12.1,0.538,3.3,4.4,0.744,1.5,2.6,4.1,2.6,1.1,0,3.5,2.8,20.1
"318",499,"Landry Shamet","SG",24,"PHO",69,14,1437,4.8,12.2,0.394,3.1,8.4,0.368,1.7,3.8,0.45,1.7,2,0.84,0.4,2.8,3.2,2.7,0.7,0.2,1,2.3,14.4
"319",500,"DayRon Sharpe","SF",26,"HOU",78,77,2056,6.4,12.8,0.498,1.1,3.5,0.312,5.3,9.2,0.569,2.3,3.2,0.707,2.4,5,7.4,3.9,1.3,0.7,2.4,5,16.1
"320",526,"Jayson Tatum","SF",23,"BOS",76,76,2731,9.3,20.6,0.453,3,8.6,0.353,6.3,12,0.524,5.3,6.2,0.853,1.1,6.9,8,4.4,1,0.6,2.9,2.3,27
"321",527,"Terry Taylor","SG",22,"IND",33,7,714,6.8,11.1,0.614,0.6,1.9,0.316,6.2,9.2,0.676,1.8,2.6,0.706,4.8,3.9,8.7,2.1,0.7,0.4,1.2,3.1,16
"322",528,"Garrett Temple","SG",35,"NOP",59,16,1098,3.6,9.7,0.376,1.9,6.1,0.319,1.7,3.6,0.473,0.9,1.3,0.683,1,3.7,4.7,2.4,1.4,0.8,1.4,2.7,10.1
"323",529,"Emanuel Terry","PF",25,"PHO",3,0,18,0,10,0,0,0,NA,0,10,0,0,0,NA,16,14,30,4,2,0,10,8,0
"324",530,"Tyrell Terry","PG",21,"MEM",2,0,3,12,12,1,0,0,NA,12,12,1,0,0,NA,0,0,0,0,0,0,0,12,24
"325",531,"Jon Teske","C",24,"MEM",3,0,8,0,4.5,0,0,0,NA,0,4.5,0,0,9,0,0,9,9,4.5,4.5,0,0,4.5,0
"326",532,"Daniel Theis","C",29,"TOT",47,27,977,5.6,10.7,0.519,1.2,3.9,0.308,4.3,6.8,0.641,1.8,2.7,0.681,2.2,6.2,8.4,1.5,0.7,1.1,1.7,4.1,14.1
"327",532,"Daniel Theis","C",29,"HOU",26,21,584,5.2,11,0.469,1.4,4.9,0.291,3.8,6.2,0.61,1.7,2.5,0.675,2,6,8,1.2,0.7,1,1.9,3.8,13.4
"328",532,"Daniel Theis","C",29,"BOS",21,6,393,6.1,10.3,0.598,0.9,2.6,0.357,5.2,7.7,0.679,2,2.9,0.688,2.5,6.5,9,1.9,0.8,1.3,1.4,4.5,15.2
"329",533,"Brodric Thomas","SG",25,"BOS",12,0,60,4.8,10.8,0.444,1.2,5.4,0.222,3.6,5.4,0.667,1.8,3,0.6,1.2,4.8,6,6.6,0.6,0.6,3.6,4.2,12.6
"330",534,"Cam Thomas","SG",20,"BRK",67,2,1176,6.7,15.4,0.433,1.4,5.3,0.27,5.2,10.1,0.52,2.7,3.2,0.829,0.5,4.4,4.9,2.4,1,0.2,1.7,2,17.4
"331",535,"Isaiah Thomas","PG",32,"TOT",22,1,333,7.2,18.1,0.401,3,9,0.337,4.2,9.1,0.464,2.4,2.8,0.846,0.4,2.7,3.1,3.7,0.8,0.5,1.6,3.7,19.9
"332",535,"Isaiah Thomas","PG",32,"LAL",4,1,101,4.3,13.9,0.308,1.8,7.8,0.227,2.5,6.1,0.412,2.9,3.9,0.727,0.4,2.5,2.9,2.1,0,0.7,1.8,4.3,13.2
"333",535,"Isaiah Thomas","PG",32,"DAL",1,0,13,8.3,22.2,0.375,0,8.3,0,8.3,13.8,0.6,0,0,NA,0,0,0,11.1,0,0,0,0,16.6
"334",535,"Isaiah Thomas","PG",32,"CHO",17,0,219,8.5,19.7,0.433,3.8,9.5,0.397,4.8,10.2,0.468,2.3,2.5,0.933,0.5,3,3.5,3.9,1.2,0.5,1.6,3.6,23.2
"335",536,"Matt Thomas","SG",27,"CHI",40,0,459,4.3,10.5,0.41,2.7,7.1,0.385,1.6,3.4,0.465,1.3,1.6,0.8,0.2,3.7,3.9,1.6,0.6,0.2,0.6,1.4,12.6
"336",537,"Klay Thompson","SG",31,"GSW",32,32,941,9.4,21.9,0.429,4.4,11.3,0.385,5,10.6,0.477,1.8,2,0.902,0.6,4.2,4.8,3.4,0.6,0.7,1.6,2.1,24.9
"337",538,"Tristan Thompson","PF",30,"TOT",57,6,897,5.7,10.7,0.528,0,0.1,0.333,5.6,10.6,0.53,2.4,4.7,0.526,4.8,6.7,11.6,1.4,0.9,0.8,1.8,3.9,13.8
"338",538,"Tristan Thompson","PF",30,"SAC",30,3,455,6,11.9,0.503,0.1,0.1,1,5.9,11.9,0.5,2.5,4.7,0.533,5.7,7,12.7,1.4,0.9,0.9,2.3,4.1,14.6
"339",538,"Tristan Thompson","PF",30,"IND",4,0,66,7.1,13.1,0.542,0,0,NA,7.1,13.1,0.542,1.6,4.4,0.375,3.8,6,9.8,1.1,0,1.1,2.2,3.8,15.8
"340",538,"Tristan Thompson","PF",30,"CHI",23,3,376,5,8.8,0.565,0,0.2,0,5,8.6,0.578,2.5,4.6,0.542,3.9,6.5,10.4,1.3,1.1,0.7,1.1,3.7,12.4
"341",539,"JT Thor","PF",19,"CHO",33,0,262,3.3,7.6,0.436,1,3.7,0.259,2.3,3.8,0.607,1.6,2.7,0.6,1.5,4.4,5.9,2.6,1.1,1.5,1.4,3.6,9.2
"342",540,"Matisse Thybulle","SG",24,"PHI",66,50,1685,3.2,6.4,0.5,1,3.1,0.313,2.2,3.3,0.673,0.7,0.9,0.791,0.9,2.3,3.2,1.6,2.5,1.5,0.8,3.4,8.1
"343",541,"Killian Tillie","C",23,"MEM",36,3,461,3.4,9.9,0.339,2.1,6.7,0.314,1.2,3.2,0.39,0.4,0.6,0.625,1.6,3,4.7,1.7,1.8,1.2,1,4.5,9.2
"344",542,"Xavier Tillman Sr.","PF",23,"MEM",53,2,701,5,11.1,0.454,0.5,2.5,0.204,4.5,8.6,0.527,2.4,3.6,0.648,3.4,4.9,8.3,3.2,2.5,0.8,1.7,3.2,12.9
"345",543,"Isaiah Todd","PF",20,"WAS",12,0,74,3.4,12.6,0.269,1.9,7.8,0.25,1.5,4.9,0.3,1,2.9,0.333,1.5,4.4,5.8,1.9,1.9,1,1.9,1.9,9.7
"346",544,"Obi Toppin","PF",23,"NYK",72,10,1230,7.3,13.8,0.531,1.5,4.9,0.308,5.8,8.9,0.655,2.8,3.6,0.758,2,5.8,7.8,2.3,0.7,1,1.6,3,19
"347",545,"Juan Toscano-Anderson","SF",28,"GSW",73,6,994,4.2,8.5,0.489,1,3.2,0.322,3.2,5.4,0.588,1.4,2.5,0.571,1,5.4,6.4,4.6,1.7,0.6,2.5,4.2,10.8
"348",546,"Karl-Anthony Towns","C",26,"MIN",74,74,2476,9.3,17.7,0.529,2.2,5.3,0.41,7.2,12.3,0.58,5.6,6.8,0.822,2.8,7.7,10.6,3.9,1,1.2,3.3,3.9,26.4
"349",547,"Gary Trent Jr.","SG",23,"TOR",70,69,2448,6.6,16,0.414,3.1,8,0.383,3.5,8,0.445,2.6,3,0.853,0.4,2.4,2.8,2.1,1.8,0.3,1.1,2.1,18.9
"350",548,"P.J. Tucker","PF",36,"MIA",71,70,1981,3.8,7.8,0.484,1.5,3.5,0.415,2.3,4.3,0.54,0.8,1.1,0.738,1.8,5.2,7,2.7,1.1,0.3,1.2,2.9,9.8
"351",549,"Rayjon Tucker","SG",24,"TOT",5,0,71,3,4.6,0.667,2,2.5,0.8,1,2,0.5,2.5,3.5,0.714,1.5,2.5,4.1,5.1,2,0,0.5,2.5,10.6
"352",549,"Rayjon Tucker","SG",24,"DEN",3,0,29,1.2,2.5,0.5,1.2,2.5,0.5,0,0,NA,3.7,5,0.75,1.2,3.7,5,5,1.2,0,0,3.7,7.4
"353",549,"Rayjon Tucker","SG",24,"MIL",2,0,42,4.3,6,0.714,2.6,2.6,1,1.7,3.4,0.5,1.7,2.6,0.667,1.7,1.7,3.4,5.1,2.6,0,0.9,1.7,12.9
"354",550,"Myles Turner","C",25,"IND",42,42,1235,5.8,11.5,0.509,1.8,5.3,0.333,4.1,6.1,0.662,2.3,3.1,0.752,1.9,6.8,8.7,1.3,0.8,3.4,1.6,3.5,15.7
"355",551,"Jonas Valančiūnas","C",29,"NOP",74,74,2240,8.2,15.1,0.544,0.9,2.5,0.361,7.3,12.5,0.581,3.8,4.6,0.82,3.6,9.9,13.5,3.1,0.7,1,2.9,4,21.1
"356",552,"Denzel Valentine","SG",28,"TOT",24,0,222,4.1,10.7,0.379,3.1,7.6,0.404,1,3.1,0.316,0,0,NA,1.5,5.4,6.8,1.8,1.3,0,1.9,3.2,11.2
"357",552,"Denzel Valentine","SG",28,"CLE",22,0,204,4.1,10.9,0.371,3.2,7.8,0.409,0.9,3.2,0.278,0,0,NA,1.6,5.1,6.7,1.9,1.2,0,1.8,3,11.3
"358",552,"Denzel Valentine","SG",28,"UTA",2,0,18,4,8,0.5,2,6,0.333,2,2,1,0,0,NA,0,8,8,0,2,0,4,6,10
"359",553,"Jarred Vanderbilt","PF",22,"MIN",74,67,1880,4.1,6.9,0.587,0,0.3,0.143,4,6.6,0.605,1.6,2.5,0.656,4.1,7.8,11.9,1.8,1.9,0.9,1.4,3.5,9.8
"360",554,"Fred VanVleet","PG",27,"TOR",65,65,2462,6.5,16,0.403,3.5,9.4,0.377,2.9,6.7,0.44,2.8,3.2,0.874,0.6,3.6,4.2,6.3,1.6,0.5,2.5,2.4,19.3
"361",555,"Devin Vassell","SF",21,"SAS",71,32,1937,6.1,14.2,0.427,2.5,7.1,0.361,3.5,7.1,0.492,1.5,1.8,0.838,0.8,4.9,5.7,2.5,1.4,0.8,1.1,2.7,16.2
"362",556,"Gabe Vincent","PG",25,"MIA",68,27,1589,4.8,11.6,0.417,2.7,7.3,0.368,2.2,4.3,0.5,1,1.2,0.815,0.5,2.4,2.9,4.8,1.4,0.3,2.2,3.6,13.4
"363",557,"Nikola Vučević","C",31,"CHI",73,73,2418,8.1,17.2,0.473,1.5,4.9,0.314,6.6,12.3,0.537,1.4,1.8,0.76,2.1,9.9,12,3.5,1,1.1,2,2.7,19.2
"364",558,"Dean Wade","PF",25,"CLE",51,28,980,3.6,8,0.456,1.9,5.2,0.359,1.8,2.8,0.64,0.7,1.1,0.667,1.1,4.4,5.5,1.9,1.1,0.3,0.6,3.2,9.9
"365",559,"Franz Wagner","SF",20,"ORL",79,79,2429,6.8,14.5,0.468,1.4,4,0.354,5.3,10.4,0.511,2.8,3.2,0.863,1.2,4,5.3,3.4,1,0.5,1.8,2.4,17.7
"366",560,"Moritz Wagner","C",24,"ORL",63,3,960,7.4,14.9,0.497,2.5,7.5,0.328,4.9,7.3,0.672,3.9,4.8,0.806,1.6,7.1,8.7,3.3,0.7,0.5,2.1,4.6,21.2
"367",561,"Ish Wainright","PF",27,"PHO",45,0,359,4.1,10.4,0.394,1.9,5.9,0.322,2.2,4.5,0.489,0.7,1.2,0.583,2.7,2.7,5.4,1.5,2,0.6,1.3,4.9,10.8
"368",562,"Kemba Walker","PG",31,"NYK",37,37,948,5.7,14.1,0.403,2.8,7.6,0.367,2.9,6.5,0.444,2.3,2.7,0.845,0.5,3.7,4.2,5,1,0.3,1.8,1.4,16.4
"369",563,"Lonnie Walker IV","SG",23,"SAS",70,6,1612,6.9,17.1,0.407,2.5,7.9,0.314,4.5,9.2,0.487,2.6,3.3,0.784,0.4,3.6,4,3.4,1,0.4,1.6,2.2,19
"370",564,"M.J. Walker","SG",23,"PHO",2,0,8,0,18,0,0,9,0,0,9,0,0,0,NA,0,4.5,4.5,4.5,9,0,0,4.5,0
"371",565,"Tyrone Wallace","SG",27,"NOP",6,0,75,3.4,9.6,0.35,1,3.8,0.25,2.4,5.8,0.417,0.5,2.4,0.2,0,3.8,3.8,0.5,1.4,0.5,1,3.4,8.2
"372",566,"Derrick Walton","PG",26,"DET",3,3,108,2,8.7,0.231,1,4.3,0.231,1,4.3,0.231,1.3,1.3,1,0.7,2.7,3.3,7,2.3,1.3,3.7,2.7,6.3
"373",567,"Brad Wanamaker","PG",32,"TOT",23,2,320,3.2,8.7,0.364,0.5,1.9,0.235,2.7,6.8,0.4,2.6,2.8,0.92,0.7,3.7,4.4,6.2,0.8,0.7,2.6,5.1,9.3
"374",567,"Brad Wanamaker","PG",32,"IND",22,1,293,3.2,8.8,0.361,0.5,2.1,0.235,2.7,6.8,0.4,2.5,2.7,0.909,0.7,3.6,4.3,5.9,0.6,0.7,2.8,5.2,9.3
"375",567,"Brad Wanamaker","PG",32,"WAS",1,1,27,2.7,6.7,0.4,0,0,NA,2.7,6.7,0.4,4,4,1,0,5.3,5.3,9.3,2.7,0,0,4,9.3
"376",568,"Duane Washington Jr.","PG",21,"IND",48,7,968,6.4,15.9,0.405,3,8,0.377,3.4,7.9,0.434,1.7,2.3,0.754,0.1,2.9,3.1,3.2,1,0.1,2.1,2.5,17.6
"377",569,"P.J. Washington","PF",23,"CHO",65,28,1768,5.1,10.8,0.47,2.2,6.1,0.365,2.9,4.7,0.606,1.2,1.6,0.716,1.7,5.2,6.9,3,1.2,1.2,1.7,3.1,13.6
"378",570,"Yuta Watanabe","SF",27,"TOR",38,4,445,4.5,11.2,0.406,2.2,6.4,0.342,2.3,4.8,0.492,1.9,3.2,0.6,1.5,6,7.4,1.7,0.9,1.3,1.5,3.1,13.2
"379",571,"Lindy Waters III","SG",24,"OKC",25,1,465,5.5,13.5,0.406,4.1,11.3,0.363,1.4,2.2,0.621,0.3,0.4,0.8,0.5,5.2,5.7,1.9,1.5,0.6,0.9,2.4,15.4
"380",572,"Tremont Waters","PG",24,"TOT",3,0,50,2.9,10.1,0.286,1.4,6.5,0.222,1.4,3.6,0.4,0,0,NA,0,2.9,2.9,5,3.6,0,2.9,2.9,7.2
"381",572,"Tremont Waters","PG",24,"TOR",2,0,42,2.6,10.3,0.25,1.7,7.7,0.222,0.9,2.6,0.333,0,0,NA,0,3.4,3.4,6,3.4,0,3.4,1.7,6.9
"382",572,"Tremont Waters","PG",24,"WAS",1,0,8,4.5,9,0.5,0,0,NA,4.5,9,0.5,0,0,NA,0,0,0,0,4.5,0,0,9,9
"383",573,"Trendon Watford","SF",21,"POR",48,10,869,5.9,11.1,0.532,0.4,1.6,0.237,5.5,9.5,0.581,2.9,3.9,0.755,2.4,5.9,8.2,3.4,1,1.2,1.8,4.8,15.1
"384",574,"Paul Watson","SF",27,"OKC",9,3,156,2.8,8.1,0.343,1.4,6,0.231,1.4,2.1,0.667,0.2,0.5,0.5,0.7,5.5,6.2,1.8,0.7,0.7,0.9,2.3,7.2
"385",575,"Quinndary Weatherspoon","SG",25,"GSW",11,0,73,5.9,10.4,0.571,0.5,2.5,0.2,5.4,7.9,0.688,2.5,2.5,1,1,5.9,6.9,2.5,0.5,0.5,1.5,7.4,14.8
"386",576,"Russell Westbrook","PG",33,"LAL",78,78,2678,7.4,16.6,0.444,1.1,3.6,0.298,6.3,13,0.485,3.6,5.4,0.667,1.5,6.3,7.8,7.4,1,0.3,4,3.2,19.4
"387",577,"Coby White","PG",21,"CHI",61,17,1675,6,13.8,0.433,2.9,7.6,0.385,3.1,6.3,0.491,1.7,2,0.857,0.4,3.5,3.9,3.8,0.6,0.2,1.5,2.9,16.6
"388",578,"Derrick White","SG",27,"TOT",75,52,2199,5.5,13.1,0.421,1.9,6,0.312,3.6,7.1,0.515,3.3,3.8,0.864,0.6,3.7,4.3,6,1,0.9,1.9,2.8,16.2
"389",578,"Derrick White","SG",27,"SAS",49,48,1486,5.9,13.8,0.426,2,6.3,0.314,3.9,7.6,0.519,3.4,3.9,0.869,0.6,3.6,4.2,6.6,1.2,1,2.1,2.8,17.1
"390",578,"Derrick White","SG",27,"BOS",26,4,713,4.7,11.6,0.409,1.7,5.6,0.306,3,6,0.504,3.2,3.8,0.853,0.7,3.8,4.4,4.6,0.8,0.8,1.6,2.8,14.4
"391",579,"Hassan Whiteside","C",32,"UTA",65,8,1162,6.7,10.2,0.652,0,0,NA,6.7,10.2,0.652,3.2,5.2,0.623,5.1,10.2,15.3,0.8,0.7,3.2,1.6,5.5,16.5
"392",580,"Joe Wieskamp","SG",22,"SAS",29,0,205,3.5,9.8,0.357,2.5,7.6,0.326,1.1,2.3,0.462,1.2,2.3,0.538,0.7,1.8,2.5,1.6,0.7,0.5,0.4,2.5,10.7
"393",581,"Aaron Wiggins","SG",23,"OKC",50,35,1209,4.6,10,0.463,1.3,4.1,0.304,3.4,5.9,0.573,1.8,2.5,0.729,1.5,3.8,5.3,2,0.9,0.3,1.6,2.8,12.4
"394",582,"Andrew Wiggins","SF",26,"GSW",73,73,2329,7.3,15.8,0.466,2.4,6.2,0.393,4.9,9.6,0.513,2.3,3.6,0.634,1.3,3.7,5,2.5,1.2,0.8,1.7,2.4,19.4
"395",583,"Lindell Wigginton","PG",23,"MIL",19,0,199,4.7,11,0.426,1.6,4.7,0.346,3.1,6.3,0.486,3.4,6.3,0.543,0.5,4,4.5,4.2,0.9,0.2,2.2,3.1,14.5
"396",584,"Brandon Williams","PG",22,"POR",24,16,640,5.9,15.9,0.372,1.7,6,0.292,4.2,9.9,0.42,3.8,5.5,0.701,1.1,3.1,4.2,5.3,1.4,0.6,3.3,2.9,17.4
"397",585,"Grant Williams","PF",23,"BOS",77,21,1875,3.9,8.3,0.475,2,5,0.411,1.9,3.3,0.569,1.7,1.8,0.905,1.2,4,5.3,1.5,0.7,1.1,1.2,3.6,11.6
"398",586,"Kenrich Williams","SF",27,"OKC",49,0,1072,4.9,10.6,0.461,1.4,4.1,0.339,3.5,6.6,0.536,1,1.8,0.545,2.5,4.9,7.4,3.6,1.5,0.3,1.5,2.7,12.2
"399",587,"Lou Williams","PG",35,"ATL",56,0,799,5.6,14.4,0.391,1.7,4.6,0.363,4,9.8,0.404,3,3.5,0.859,0.7,3.2,3.9,4.7,1.3,0.1,1.9,2.2,15.9
"400",588,"Patrick Williams","PF",20,"CHI",17,9,422,4.6,8.7,0.529,1.3,2.5,0.517,3.3,6.2,0.534,2.6,3.5,0.732,1.5,4.4,5.9,1.3,0.8,0.8,1.4,2.4,13.1
"401",589,"Robert Williams","C",24,"BOS",61,61,1804,5.4,7.3,0.736,0,0,0,5.4,7.3,0.738,1.3,1.8,0.722,4.7,7,11.7,2.4,1.1,2.7,1.3,2.7,12.1
"402",590,"Ziaire Williams","SF",20,"MEM",62,31,1346,5.1,11.3,0.45,2,6.5,0.314,3.1,4.9,0.632,1.2,1.5,0.782,0.7,2.8,3.5,1.7,0.9,0.3,1.1,3,13.4
"403",591,"D.J. Wilson","PF",25,"TOR",4,1,54,7.3,10,0.733,0,1.3,0,7.3,8.7,0.846,5.3,6.7,0.8,0.7,10,10.7,3.3,3.3,0.7,1.3,4,20
"404",592,"Dylan Windler","SF",25,"CLE",50,0,459,2.9,7.7,0.378,1.6,5.5,0.3,1.3,2.2,0.571,1.2,1.4,0.833,1.6,5.3,7,2.7,1.1,0.2,1.3,3.7,8.6
"405",593,"Justise Winslow","SF",25,"TOT",48,11,774,5.1,12,0.428,0.7,3.1,0.227,4.4,8.9,0.497,1.8,3.1,0.591,2.3,7.1,9.4,3.9,1.6,1.2,2.3,3.1,12.7
"406",593,"Justise Winslow","SF",25,"LAC",37,1,479,4.7,10.6,0.447,0.4,2.2,0.172,4.4,8.4,0.518,1.9,3.1,0.61,2.3,7.7,10,3.9,1.6,1.4,2.8,3.5,11.7
"407",593,"Justise Winslow","SF",25,"POR",11,10,295,5.7,14.2,0.405,1.2,4.5,0.27,4.5,9.6,0.468,1.7,3.1,0.56,2.4,6,8.4,3.9,1.7,0.9,1.5,2.6,14.4
"408",594,"Cassius Winston","PG",23,"WAS",7,0,39,3.7,10.2,0.364,1.8,5.5,0.333,1.8,4.6,0.4,3.7,3.7,1,0,0.9,0.9,6.5,0,0,2.8,8.3,12.9
"409",595,"Christian Wood","C",26,"HOU",68,67,2094,7.6,15.1,0.501,2.3,5.8,0.39,5.3,9.3,0.57,3.6,5.7,0.623,1.9,9.9,11.8,2.7,0.9,1.1,2.2,2.9,20.9
"410",596,"Robert Woodard II","SF",22,"SAC",12,0,42,1.7,13.7,0.125,0.9,3.4,0.25,0.9,10.3,0.083,1.7,1.7,1,4.3,5.1,9.4,2.6,0.9,0.9,0.9,2.6,6
"411",597,"Delon Wright","SG",29,"ATL",77,8,1452,3,6.7,0.454,1.1,2.9,0.379,1.9,3.8,0.51,1.3,1.6,0.857,1.2,4.2,5.5,4.7,2.3,0.5,1.1,1.4,8.5
"412",598,"McKinley Wright IV","PG",23,"MIN",5,0,19,3.8,5.7,0.667,1.9,3.8,0.5,1.9,1.9,1,0,0,NA,0,0,0,5.7,0,0,1.9,1.9,9.5
"413",599,"Moses Wright","PF",23,"TOT",4,0,14,2.6,10.3,0.25,0,2.6,0,2.6,7.7,0.333,7.7,7.7,1,2.6,5.1,7.7,5.1,0,2.6,0,0,12.9
"414",599,"Moses Wright","PF",23,"LAC",1,0,1,0,0,NA,0,0,NA,0,0,NA,0,0,NA,0,0,0,36,0,0,0,0,0
"415",599,"Moses Wright","PF",23,"DAL",3,0,13,2.8,11.1,0.25,0,2.8,0,2.8,8.3,0.333,8.3,8.3,1,2.8,5.5,8.3,2.8,0,2.8,0,0,13.8
"416",600,"Gabe York","SG",28,"IND",2,0,21,3.4,12,0.286,1.7,10.3,0.167,1.7,1.7,1,5.1,8.6,0.6,0,3.4,3.4,6.9,3.4,1.7,1.7,6.9,13.7
"417",601,"Thaddeus Young","PF",33,"TOT",52,1,845,6,11.6,0.518,0.7,2,0.354,5.3,9.5,0.554,1,2.1,0.469,3.4,5.5,8.9,4.4,2.3,0.8,2.2,3.5,13.7
"418",601,"Thaddeus Young","PF",33,"SAS",26,1,370,7.2,12.5,0.578,0,0.5,0,7.2,12,0.602,1,2.1,0.455,3.9,5.2,9,5.7,2.2,0.7,2.9,3.7,15.4
"419",601,"Thaddeus Young","PF",33,"TOR",26,0,475,5.1,10.9,0.465,1.3,3.3,0.395,3.8,7.7,0.495,1,2,0.481,3,5.7,8.7,3.4,2.3,0.8,1.7,3.3,12.4
"420",602,"Trae Young","PG",23,"ATL",76,76,2652,9.7,21,0.46,3.2,8.3,0.382,6.5,12.7,0.512,6.8,7.5,0.904,0.7,3.2,3.9,10,1,0.1,4.1,1.7,29.3
"421",603,"Omer Yurtseven","C",23,"MIA",56,12,706,6.6,12.6,0.526,0.1,0.6,0.091,6.6,12,0.547,1.9,3.1,0.623,4.3,10.7,15,2.5,0.9,1,2.1,4.3,15.2
"422",604,"Cody Zeller","C",29,"POR",27,0,355,5.2,9.1,0.567,0,0.4,0,5.2,8.7,0.593,3.9,5,0.776,5.1,7.6,12.7,2.2,0.8,0.6,1.9,5.7,14.2
"423",605,"Ivica Zubac","C",24,"LAC",76,76,1852,6,9.6,0.626,0,0,NA,6,9.6,0.626,3.2,4.4,0.727,4.2,8.3,12.5,2.3,0.7,1.5,2.2,3.9,15.3
